Número da Compra;Número do Item;Descrição;Descrição Detalhada;Início da Vigência;Fim da Vigência;Unidade;Qtd. Autorizada;Fornecedor;Val. Unitário;Qtd. Saldo;Link do Item;Tipo de Compra;Número do Pregão;Ano do Pregão;UASG;key;Número da Compra_y;Objeto;Número do Item_y;Descrição_y;Descrição Complementar;Unidade de Fornecimento;Ano do Pregão_y;Número do Pregão_y
160192 - Pregão | 00013/2023;6;317910 - PREGO COM CABEÇA;PREGO COM CABEÇA, MATERIAL AÇO, TIPO CABEÇA CHATA, TIPO CORPO LISO, TIPO PONTA COMUM, BITOLA 17 X 27;14/03/2024;14/03/2025;160192 - B ADM AP/5ª RM;20.00000;18.955.309/0001-09 - GLOBAL IMPORTADORA E COMERCIO LTDA;8.99;20.00000;https://contratos.sistema.gov.br/transparencia/compras/507141/itens/4996637/show;Pregão;00013;2023;160192;00013_2023_6;00013/2023;Registro de preços para aquisição futura de material de manutenção de bens imóveis (material de pintura predial e afins).;6;PREGO COM CABEÇA;PREGO COM CABEÇA, MATERIAL AÇO, TIPO CABEÇA CHATA, TIPO CORPO LISO, TIPO PONTACOMUM, BITOLA 17 X 27;Quilograma;2023;00013
160192 - Pregão | 00013/2023;9;476816 - PARAFUSO;PARAFUSO, MATERIAL AÇO CARBONO, TIPO CABEÇA SEXTAVADA, COMPRIMENTO 2 POL, DIÂMETRO 1/4 POL, CARACTERÍSTICAS ADICIONAIS ROSCA INTEIRA, TRATAMENTO SUPERFICIAL ZINCADO;14/03/2024;14/03/2025;160192 - B ADM AP/5ª RM;5.00000;43.098.231/0001-92 - FORTZ COMERCIO DE MATERIAIS ELETRICOS LTDA;23.98;5.00000;https://contratos.sistema.gov.br/transparencia/compras/507141/itens/4996640/show;Pregão;00013;2023;160192;00013_2023_9;00013/2023;Registro de preços para aquisição futura de material de manutenção de bens imóveis (material de pintura predial e afins).;9;PARAFUSO;PARAFUSO, MATERIAL AÇO CARBONO, TIPO CABEÇA SEXTAVADA, COMPRIMENTO 2 POL,     DIÂMETRO 1/4 POL, CARACTERÍSTICAS ADICIONAIS ROSCA INTEIRA, TRATAMENTO        SUPERFICIAL ZINCADO;Embalagem 100,00 UN;2023;00013
160192 - Pregão | 00013/2023;10;472223 - PARAFUSO;PARAFUSO, MATERIAL AÇO CARBONO, TIPO CABEÇA ESCAREADA C/ FENDA, COMPRIMENTO 1 POL, DIÂMETRO 5/16 POL, CARACTERÍSTICAS ADICIONAIS PASSO: 18FPP, TIPO ROSCA UNC, NORMAS TÉCNICAS ASME B.18.6.3;14/03/2024;14/03/2025;160192 - B ADM AP/5ª RM;2.00000;14.636.329/0001-58 - DAFMAQ COMERCIAL LTDA;36.04;2.00000;https://contratos.sistema.gov.br/transparencia/compras/507141/itens/4996641/show;Pregão;00013;2023;160192;00013_2023_10;00013/2023;Registro de preços para aquisição futura de material de manutenção de bens imóveis (material de pintura predial e afins).;10;PARAFUSO;PARAFUSO, MATERIAL AÇO CARBONO, TIPO CABEÇA ESCAREADA C/ FENDA, COMPRIMENTO 1 POL, DIÂMETRO 5/16 POL, CARACTERÍSTICAS ADICIONAIS PASSO: 18FPP, TIPO ROSCA   UNC, NORMAS TÉCNICAS ASME B.18.6.3;Embalagem 100,00 UN;2023;00013
160192 - Pregão | 00013/2023;12;440775 - PARAFUSO;PARAFUSO, MATERIAL AÇO, TIPO CABEÇA SEXTAVADA, COMPRIMENTO 5/8 POL, DIÂMETRO 1 4 POL, CARACTERÍSTICAS ADICIONAIS ROSCA INTEIRA;28/03/2024;28/03/2025;160192 - B ADM AP/5ª RM;5.00000;37.201.772/0001-00 - VIDOR & HEINECKE REPRESENTACOES COMERCIAIS LTDA;18.42;5.00000;https://contratos.sistema.gov.br/transparencia/compras/507141/itens/4996642/show;Pregão;00013;2023;160192;00013_2023_12;00013/2023;Registro de preços para aquisição futura de material de manutenção de bens imóveis (material de pintura predial e afins).;12;PARAFUSO;PARAFUSO, MATERIAL AÇO, TIPO CABEÇA SEXTAVADA, COMPRIMENTO 5/8 POL, DIÂMETRO 14 POL, CARACTERÍSTICAS ADICIONAIS ROSCA INTEIRA;Embalagem 100,00 UN;2023;00013
160192 - Pregão | 00013/2023;13;472248 - PARAFUSO;"PARAFUSO, MATERIAL AÇO CARBONO ZINCADO, TIPO CABEÇA ESCAREADA C/ FENDA, COMPRIMENTO 2 POL, CARACTERÍSTICAS ADICIONAIS PASSO: 18FPP, TIPO ROSCA 5/ 16""UNC, NORMAS TÉCNICAS ASME B.18.6.3";14/03/2024;14/03/2025;160192 - B ADM AP/5ª RM;5.00000;43.098.231/0001-92 - FORTZ COMERCIO DE MATERIAIS ELETRICOS LTDA;38.83;5.00000;https://contratos.sistema.gov.br/transparencia/compras/507141/itens/4996643/show;Pregão;00013;2023;160192;00013_2023_13;00013/2023;Registro de preços para aquisição futura de material de manutenção de bens imóveis (material de pintura predial e afins).;13;PARAFUSO;PARAFUSO, MATERIAL AÇO CARBONO ZINCADO, TIPO CABEÇA ESCAREADA C/ FENDA,       COMPRIMENTO 2 POL, CARACTERÍSTICAS ADICIONAIS PASSO: 18FPP, TIPO ROSCA 5/     16´UNC, NORMAS TÉCNICAS ASME B.18.6.3;Embalagem 100,00 UN;2023;00013
160192 - Pregão | 00013/2023;14;368937 - PARAFUSO FIXAÇÃO TELHADO;PARAFUSO FIXAÇÃO TELHADO, MATERIAL AÇO CARBONO, COMPRIMENTO 110 MM, DIÂMETRO 5 16 POL, CARACTERÍSTICAS ADICIONAIS ARRUELA METAL E ARRUELA BORRACHA;14/03/2024;14/03/2025;160192 - B ADM AP/5ª RM;10.00000;36.986.531/0001-42 - LICITAR COMERCIO E DISTRIBUICAO DE MATERIAIS ELETRICOS, HIDRAULICOS LTDA;46.39;10.00000;https://contratos.sistema.gov.br/transparencia/compras/507141/itens/4996644/show;Pregão;00013;2023;160192;00013_2023_14;00013/2023;Registro de preços para aquisição futura de material de manutenção de bens imóveis (material de pintura predial e afins).;14;PARAFUSO FIXAÇĂO TELHADO;PARAFUSO FIXAÇĂO TELHADO, MATERIAL AÇO CARBONO, COMPRIMENTO 110 MM, DIÂMETRO 516 POL, CARACTERÍSTICAS ADICIONAIS ARRUELA METAL E ARRUELA BORRACHA;Unidade;2023;00013
160192 - Pregão | 00013/2023;15;406269 - PORCA;PORCA, MATERIAL AÇO, TIPO AUTOTRAVANTE COM NÁILON, DIÂMETRO FURO 1/4 POL, TRATAMENTO SUPERFICIAL GALVANIZADO, CARACTERÍSTICAS ADICIONAIS SEXTAVADA;14/03/2024;14/03/2025;160192 - B ADM AP/5ª RM;5.00000;43.098.231/0001-92 - FORTZ COMERCIO DE MATERIAIS ELETRICOS LTDA;6.95;5.00000;https://contratos.sistema.gov.br/transparencia/compras/507141/itens/4996645/show;Pregão;00013;2023;160192;00013_2023_15;00013/2023;Registro de preços para aquisição futura de material de manutenção de bens imóveis (material de pintura predial e afins).;15;PORCA;PORCA, MATERIAL AÇO, TIPO AUTOTRAVANTE COM NÁILON, DIÂMETRO FURO 1/4 POL,     TRATAMENTO SUPERFICIAL GALVANIZADO, CARACTERÍSTICAS ADICIONAIS SEXTAVADA;Centena;2023;00013
160192 - Pregão | 00013/2023;16;390732 - PORCA;PORCA, MATERIAL AÇO INOXIDÁVEL, TIPO SEXTAVADA, DIÂMETRO FURO 5/16 POL, CARACTERÍSTICAS ADICIONAIS 18 FIOS POR POLEGADA, TIPO ROSCA UNC;14/03/2024;14/03/2025;160192 - B ADM AP/5ª RM;5.00000;43.098.231/0001-92 - FORTZ COMERCIO DE MATERIAIS ELETRICOS LTDA;9.48;5.00000;https://contratos.sistema.gov.br/transparencia/compras/507141/itens/4996646/show;Pregão;00013;2023;160192;00013_2023_16;00013/2023;Registro de preços para aquisição futura de material de manutenção de bens imóveis (material de pintura predial e afins).;16;PORCA;PORCA, MATERIAL AÇO INOXIDÁVEL, TIPO SEXTAVADA, DIÂMETRO FURO 5/16 POL,       CARACTERÍSTICAS ADICIONAIS 18 FIOS POR POLEGADA, TIPO ROSCA UNC;Centena;2023;00013
160192 - Pregão | 00013/2023;17;458881 - PORCA;PORCA, MATERIAL AÇO INOXIDÁVEL AISI 304, TIPO AUTOFRENANTE COM NÁILON, DIÂMETRO FURO 3/8 POL, CARACTERÍSTICAS ADICIONAIS SEXTAVADA, TIPO ROSCA GROSSA WITHWORTH;14/03/2024;14/03/2025;160192 - B ADM AP/5ª RM;5.00000;09.655.702/0001-88 - E C DA SILVA FERRAGENS LTDA;15.57;5.00000;https://contratos.sistema.gov.br/transparencia/compras/507141/itens/4996647/show;Pregão;00013;2023;160192;00013_2023_17;00013/2023;Registro de preços para aquisição futura de material de manutenção de bens imóveis (material de pintura predial e afins).;17;PORCA;PORCA, MATERIAL AÇO INOXIDÁVEL AISI 304, TIPO AUTOFRENANTE COM NÁILON,        DIÂMETRO FURO 3/8 POL, CARACTERÍSTICAS ADICIONAIS SEXTAVADA, TIPO ROSCA GROSSAWITHWORTH;Centena;2023;00013
160192 - Pregão | 00013/2023;18;390734 - PORCA;PORCA, MATERIAL AÇO INOXIDÁVEL, TIPO SEXTAVADA, DIÂMETRO FURO 7/16 POL, CARACTERÍSTICAS ADICIONAIS 14 FIOS POR POLEGADA, TIPO ROSCA UNC;14/03/2024;14/03/2025;160192 - B ADM AP/5ª RM;5.00000;09.655.702/0001-88 - E C DA SILVA FERRAGENS LTDA;25.67;5.00000;https://contratos.sistema.gov.br/transparencia/compras/507141/itens/4996648/show;Pregão;00013;2023;160192;00013_2023_18;00013/2023;Registro de preços para aquisição futura de material de manutenção de bens imóveis (material de pintura predial e afins).;18;PORCA;PORCA, MATERIAL AÇO INOXIDÁVEL, TIPO SEXTAVADA, DIÂMETRO FURO 7/16 POL,       CARACTERÍSTICAS ADICIONAIS 14 FIOS POR POLEGADA, TIPO ROSCA UNC;Centena;2023;00013
160192 - Pregão | 00013/2023;19;458882 - PORCA;PORCA, MATERIAL AÇO INOXIDÁVEL AISI 304, TIPO AUTOFRENANTE COM NÁILON, DIÂMETRO FURO 1/2 POL, CARACTERÍSTICAS ADICIONAIS SEXTAVADA, TIPO ROSCA GROSSA WITHWORTH;14/03/2024;14/03/2025;160192 - B ADM AP/5ª RM;5.00000;09.655.702/0001-88 - E C DA SILVA FERRAGENS LTDA;34.22;5.00000;https://contratos.sistema.gov.br/transparencia/compras/507141/itens/4996649/show;Pregão;00013;2023;160192;00013_2023_19;00013/2023;Registro de preços para aquisição futura de material de manutenção de bens imóveis (material de pintura predial e afins).;19;PORCA;PORCA, MATERIAL AÇO INOXIDÁVEL AISI 304, TIPO AUTOFRENANTE COM NÁILON,        DIÂMETRO FURO 1/2 POL, CARACTERÍSTICAS ADICIONAIS SEXTAVADA, TIPO ROSCA GROSSAWITHWORTH;Centena;2023;00013
160192 - Pregão | 00013/2023;20;420728 - ARRUELA;ARRUELA, MATERIAL AÇO, DIÂMETRO INTERNO 1/4 POL, TRATAMENTO SUPERFICIAL ZINCADO, TIPO CÔNCOVA;14/03/2024;14/03/2025;160192 - B ADM AP/5ª RM;5.00000;43.098.231/0001-92 - FORTZ COMERCIO DE MATERIAIS ELETRICOS LTDA;5.45;5.00000;https://contratos.sistema.gov.br/transparencia/compras/507141/itens/4996650/show;Pregão;00013;2023;160192;00013_2023_20;00013/2023;Registro de preços para aquisição futura de material de manutenção de bens imóveis (material de pintura predial e afins).;20;ARRUELA;ARRUELA, MATERIAL AÇO, DIÂMETRO INTERNO 1/4 POL, TRATAMENTO SUPERFICIAL       ZINCADO, TIPO CÔNCOVA;Caixa 100,00 UN;2023;00013
160192 - Pregão | 00013/2023;21;390866 - ARRUELA;ARRUELA, MATERIAL AÇO INOXIDÁVEL, DIÂMETRO INTERNO 5/16 POL, DIÂMETRO EXTERNO 20 MM, ESPESSURA 1,20 MM, TRATAMENTO SUPERFICIAL GALVANIZADO, TIPO LISA, CARACTERÍSTICAS ADICIONAIS PADRÃO 994 COMUM;14/03/2024;14/03/2025;160192 - B ADM AP/5ª RM;5.00000;43.098.231/0001-92 - FORTZ COMERCIO DE MATERIAIS ELETRICOS LTDA;7.69;5.00000;https://contratos.sistema.gov.br/transparencia/compras/507141/itens/4996651/show;Pregão;00013;2023;160192;00013_2023_21;00013/2023;Registro de preços para aquisição futura de material de manutenção de bens imóveis (material de pintura predial e afins).;21;ARRUELA;ARRUELA, MATERIAL AÇO INOXIDÁVEL, DIÂMETRO INTERNO 5/16 POL, DIÂMETRO EXTERNO 20 MM, ESPESSURA 1,20 MM, TRATAMENTO SUPERFICIAL GALVANIZADO, TIPO LISA,      CARACTERÍSTICAS ADICIONAIS PADRĂO 994 COMUM;Caixa 100,00 UN;2023;00013
160192 - Pregão | 00013/2023;22;459900 - ARRUELA;"ARRUELA, MATERIAL AÇO INOXIDAVEL AISI-304, DIÂMETRO INTERNO 3/8 POL, TIPO PRESSÃO, CARACTERÍSTICAS ADICIONAIS FORMA ""B""";14/03/2024;14/03/2025;160192 - B ADM AP/5ª RM;5.00000;43.098.231/0001-92 - FORTZ COMERCIO DE MATERIAIS ELETRICOS LTDA;9.87;5.00000;https://contratos.sistema.gov.br/transparencia/compras/507141/itens/4996652/show;Pregão;00013;2023;160192;00013_2023_22;00013/2023;Registro de preços para aquisição futura de material de manutenção de bens imóveis (material de pintura predial e afins).;22;ARRUELA;ARRUELA, MATERIAL AÇO INOXIDAVEL AISI-304, DIÂMETRO INTERNO 3/8 POL, TIPO     PRESSĂO, CARACTERÍSTICAS ADICIONAIS FORMA ´B´;Caixa 100,00 UN;2023;00013
160192 - Pregão | 00013/2023;23;483656 - ARRUELA;ARRUELA, MATERIAL AÇO CARBONO, DIÂMETRO INTERNO 6,40 MM, DIÂMETRO EXTERNO 11,57 MM, ESPESSURA 1,40 MM, TRATAMENTO SUPERFICIAL ZINCADO, NORMAS TÉCNICAS DIN 125 A, TIPO LISA, CARACTERÍSTICAS ADICIONAIS M6;14/03/2024;14/03/2025;160192 - B ADM AP/5ª RM;5.00000;14.636.329/0001-58 - DAFMAQ COMERCIAL LTDA;22.90;5.00000;https://contratos.sistema.gov.br/transparencia/compras/507141/itens/4996653/show;Pregão;00013;2023;160192;00013_2023_23;00013/2023;Registro de preços para aquisição futura de material de manutenção de bens imóveis (material de pintura predial e afins).;23;ARRUELA;ARRUELA, MATERIAL AÇO CARBONO, DIÂMETRO INTERNO 6,40 MM, DIÂMETRO EXTERNO     11,57 MM, ESPESSURA 1,40 MM, TRATAMENTO SUPERFICIAL ZINCADO, NORMAS TÉCNICAS  DIN 125 A, TIPO LISA, CARACTERÍSTICAS ADICIONAIS M6;Caixa 100,00 UN;2023;00013
160192 - Pregão | 00013/2023;24;459899 - ARRUELA;ARRUELA, MATERIAL AÇO INOX AISI 316, DIÂMETRO INTERNO 1/2 POL, TIPO LISA;28/03/2024;28/03/2025;160192 - B ADM AP/5ª RM;5.00000;37.201.772/0001-00 - VIDOR & HEINECKE REPRESENTACOES COMERCIAIS LTDA;9.27;5.00000;https://contratos.sistema.gov.br/transparencia/compras/507141/itens/4996654/show;Pregão;00013;2023;160192;00013_2023_24;00013/2023;Registro de preços para aquisição futura de material de manutenção de bens imóveis (material de pintura predial e afins).;24;ARRUELA;ARRUELA, MATERIAL AÇO INOX AISI 316, DIÂMETRO INTERNO 1/2 POL, TIPO LISA;Caixa 100,00 UN;2023;00013
160192 - Pregão | 00013/2023;25;443253 - PARAFUSO COM PORCA;PARAFUSO COM PORCA, MATERIAL AÇO, TIPO CABEÇA FRANCESA, DIÂMETRO 1/4 POL, COMPRIMENTO 2 POL, CARACTERÍSTICAS ADICIONAIS COM ARRUELA;14/03/2024;14/03/2025;160192 - B ADM AP/5ª RM;5.00000;43.098.231/0001-92 - FORTZ COMERCIO DE MATERIAIS ELETRICOS LTDA;33.98;5.00000;https://contratos.sistema.gov.br/transparencia/compras/507141/itens/4996655/show;Pregão;00013;2023;160192;00013_2023_25;00013/2023;Registro de preços para aquisição futura de material de manutenção de bens imóveis (material de pintura predial e afins).;25;PARAFUSO COM PORCA;PARAFUSO COM PORCA, MATERIAL AÇO, TIPO CABEÇA FRANCESA, DIÂMETRO 1/4 POL,     COMPRIMENTO 2 POL, CARACTERÍSTICAS ADICIONAIS COM ARRUELA;Centena;2023;00013
160192 - Pregão | 00013/2023;26;254729 - PARAFUSO COM PORCA;PARAFUSO COM PORCA, MATERIAL METAL ZINCADO, TIPO CABEÇA FRANCESA, DIÂMETRO 3/ 8 POL, COMPRIMENTO 6 POL;14/03/2024;14/03/2025;160192 - B ADM AP/5ª RM;5.00000;36.330.093/0001-60 - F & R SOLUCOES ADMINISTRATIVAS LTDA;182.99;5.00000;https://contratos.sistema.gov.br/transparencia/compras/507141/itens/4996656/show;Pregão;00013;2023;160192;00013_2023_26;00013/2023;Registro de preços para aquisição futura de material de manutenção de bens imóveis (material de pintura predial e afins).;26;PARAFUSO COM PORCA;PARAFUSO COM PORCA, MATERIAL METAL ZINCADO, TIPO CABEÇA FRANCESA, DIÂMETRO 3/ 8 POL, COMPRIMENTO 6 POL;Centena;2023;00013
160192 - Pregão | 00013/2023;27;356393 - PARAFUSO CABEÇA CHATA;PARAFUSO CABEÇA CHATA, MATERIAL FERRO, DIÂMETRO NOMINAL 4 MM, COMPRIMENTO NOMINAL 40 MM, CARACTERÍSTICAS ADICIONAIS CEMENTADO,BICROMATIZADO ZINCADO,FENDA TIPO PHILIP S;14/03/2024;14/03/2025;160192 - B ADM AP/5ª RM;5.00000;92.533.611/0001-13 - GUSEN COMERCIO DE AUTO PECAS LTDA;5.50;5.00000;https://contratos.sistema.gov.br/transparencia/compras/507141/itens/4996657/show;Pregão;00013;2023;160192;00013_2023_27;00013/2023;Registro de preços para aquisição futura de material de manutenção de bens imóveis (material de pintura predial e afins).;27;PARAFUSO CABEÇA CHATA;PARAFUSO CABEÇA CHATA, MATERIAL FERRO, DIÂMETRO NOMINAL 4 MM, COMPRIMENTO     NOMINAL 40 MM, CARACTERÍSTICAS ADICIONAIS CEMENTADO,BICROMATIZADO             ZINCADO,FENDA TIPO PHILIP S;Caixa 100,00 UN;2023;00013
160192 - Pregão | 00013/2023;28;441716 - PARAFUSO CABEÇA CHATA;PARAFUSO CABEÇA CHATA, MATERIAL FERRO, DIÂMETRO NOMINAL 4 MM, COMPRIMENTO NOMINAL 35 MM, CARACTERÍSTICAS ADICIONAIS CEMENTADO,BICROMATIZADO ZINCADO,FENDA TIPO PHILIP S;14/03/2024;14/03/2025;160192 - B ADM AP/5ª RM;5.00000;92.533.611/0001-13 - GUSEN COMERCIO DE AUTO PECAS LTDA;5.00;5.00000;https://contratos.sistema.gov.br/transparencia/compras/507141/itens/4996658/show;Pregão;00013;2023;160192;00013_2023_28;00013/2023;Registro de preços para aquisição futura de material de manutenção de bens imóveis (material de pintura predial e afins).;28;PARAFUSO CABEÇA CHATA;PARAFUSO CABEÇA CHATA, MATERIAL FERRO, DIÂMETRO NOMINAL 4 MM, COMPRIMENTO     NOMINAL 35 MM, CARACTERÍSTICAS ADICIONAIS CEMENTADO,BICROMATIZADO             ZINCADO,FENDA TIPO PHILIP S;Caixa 100,00 UN;2023;00013
160192 - Pregão | 00013/2023;29;443264 - PARAFUSO;PARAFUSO, MATERIAL BICROMATIZADO, TIPO CABEÇA CHATA, COMPRIMENTO 30 MM, DIÂMETRO 3,5 MM, CARACTERÍSTICAS ADICIONAIS FENDA PHILIPS, APLICAÇÃO MADEIRA;28/03/2024;28/03/2025;160192 - B ADM AP/5ª RM;5.00000;37.201.772/0001-00 - VIDOR & HEINECKE REPRESENTACOES COMERCIAIS LTDA;7.31;5.00000;https://contratos.sistema.gov.br/transparencia/compras/507141/itens/4996659/show;Pregão;00013;2023;160192;00013_2023_29;00013/2023;Registro de preços para aquisição futura de material de manutenção de bens imóveis (material de pintura predial e afins).;29;PARAFUSO;PARAFUSO, MATERIAL BICROMATIZADO, TIPO CABEÇA CHATA, COMPRIMENTO 30 MM,       DIÂMETRO 3,5 MM, CARACTERÍSTICAS ADICIONAIS FENDA PHILIPS, APLICAÇĂO MADEIRA;Embalagem 100,00 UN;2023;00013
160192 - Pregão | 00013/2023;30;333182 - PARAFUSO CABEÇA CHATA;PARAFUSO CABEÇA CHATA, MATERIAL AÇO ZINCADO, TIPO ROSCA SOBERBA, DIÂMETRO NOMINAL 4,20 MM, COMPRIMENTO NOMINAL 25 MM, CARACTERÍSTICAS ADICIONAIS TIPO FENDA;14/03/2024;14/03/2025;160192 - B ADM AP/5ª RM;5.00000;43.098.231/0001-92 - FORTZ COMERCIO DE MATERIAIS ELETRICOS LTDA;3.68;5.00000;https://contratos.sistema.gov.br/transparencia/compras/507141/itens/4996660/show;Pregão;00013;2023;160192;00013_2023_30;00013/2023;Registro de preços para aquisição futura de material de manutenção de bens imóveis (material de pintura predial e afins).;30;PARAFUSO CABEÇA CHATA;PARAFUSO CABEÇA CHATA, MATERIAL AÇO ZINCADO, TIPO ROSCA SOBERBA, DIÂMETRO     NOMINAL 4,20 MM, COMPRIMENTO NOMINAL 25 MM, CARACTERÍSTICAS ADICIONAIS TIPO   FENDA;Caixa 100,00 UN;2023;00013
160192 - Pregão | 00013/2023;31;356392 - PARAFUSO CABEÇA CHATA;PARAFUSO CABEÇA CHATA, MATERIAL FERRO, DIÂMETRO NOMINAL 4 MM, COMPRIMENTO NOMINAL 20 MM, CARACTERÍSTICAS ADICIONAIS CEMENTADO,BICROMATIZADO ZINCADO,FENDA TIPO PHILIP S;14/03/2024;14/03/2025;160192 - B ADM AP/5ª RM;5.00000;14.636.329/0001-58 - DAFMAQ COMERCIAL LTDA;24.60;5.00000;https://contratos.sistema.gov.br/transparencia/compras/507141/itens/4996663/show;Pregão;00013;2023;160192;00013_2023_31;00013/2023;Registro de preços para aquisição futura de material de manutenção de bens imóveis (material de pintura predial e afins).;31;PARAFUSO CABEÇA CHATA;PARAFUSO CABEÇA CHATA, MATERIAL FERRO, DIÂMETRO NOMINAL 4 MM, COMPRIMENTO     NOMINAL 20 MM, CARACTERÍSTICAS ADICIONAIS CEMENTADO,BICROMATIZADO             ZINCADO,FENDA TIPO PHILIP S;Caixa 1.000,00 UN;2023;00013
160192 - Pregão | 00013/2023;32;400088 - PARAFUSO;PARAFUSO, MATERIAL BICROMATIZADO, COMPRIMENTO 50 MM, DIÂMETRO 4 MM, CARACTERÍSTICAS ADICIONAIS FENDA PHILIPS, APLICAÇÃO MADEIRA;28/03/2024;28/03/2025;160192 - B ADM AP/5ª RM;5.00000;37.201.772/0001-00 - VIDOR & HEINECKE REPRESENTACOES COMERCIAIS LTDA;7.94;5.00000;https://contratos.sistema.gov.br/transparencia/compras/507141/itens/4996665/show;Pregão;00013;2023;160192;00013_2023_32;00013/2023;Registro de preços para aquisição futura de material de manutenção de bens imóveis (material de pintura predial e afins).;32;PARAFUSO;PARAFUSO, MATERIAL BICROMATIZADO, COMPRIMENTO 50 MM, DIÂMETRO 4 MM,           CARACTERÍSTICAS ADICIONAIS FENDA PHILIPS, APLICAÇĂO MADEIRA;Embalagem 100,00 UN;2023;00013
160192 - Pregão | 00013/2023;33;443261 - PARAFUSO;PARAFUSO, MATERIAL BICROMATIZADO, TIPO CABEÇA CHATA, COMPRIMENTO 16 MM, DIÂMETRO 3,5 MM, CARACTERÍSTICAS ADICIONAIS FENDA PHILIPS, APLICAÇÃO MADEIRA;14/03/2024;14/03/2025;160192 - B ADM AP/5ª RM;5.00000;43.098.231/0001-92 - FORTZ COMERCIO DE MATERIAIS ELETRICOS LTDA;12.15;5.00000;https://contratos.sistema.gov.br/transparencia/compras/507141/itens/4996668/show;Pregão;00013;2023;160192;00013_2023_33;00013/2023;Registro de preços para aquisição futura de material de manutenção de bens imóveis (material de pintura predial e afins).;33;PARAFUSO;PARAFUSO, MATERIAL BICROMATIZADO, TIPO CABEÇA CHATA, COMPRIMENTO 16 MM,       DIÂMETRO 3,5 MM, CARACTERÍSTICAS ADICIONAIS FENDA PHILIPS, APLICAÇĂO MADEIRA;Caixa 500,00 UN;2023;00013
160192 - Pregão | 00013/2023;34;443264 - PARAFUSO;PARAFUSO, MATERIAL BICROMATIZADO, TIPO CABEÇA CHATA, COMPRIMENTO 30 MM, DIÂMETRO 3,5 MM, CARACTERÍSTICAS ADICIONAIS FENDA PHILIPS, APLICAÇÃO MADEIRA;14/03/2024;14/03/2025;160192 - B ADM AP/5ª RM;5.00000;14.636.329/0001-58 - DAFMAQ COMERCIAL LTDA;16.79;5.00000;https://contratos.sistema.gov.br/transparencia/compras/507141/itens/4996670/show;Pregão;00013;2023;160192;00013_2023_34;00013/2023;Registro de preços para aquisição futura de material de manutenção de bens imóveis (material de pintura predial e afins).;34;PARAFUSO;PARAFUSO, MATERIAL BICROMATIZADO, TIPO CABEÇA CHATA, COMPRIMENTO 30 MM,       DIÂMETRO 3,5 MM, CARACTERÍSTICAS ADICIONAIS FENDA PHILIPS, APLICAÇĂO MADEIRA;Caixa 500,00 UN;2023;00013
160192 - Pregão | 00013/2023;35;250739 - BUCHA FIXAÇÃO;BUCHA FIXAÇÃO, TIPO GRAMPO, COMPRIMENTO 3 CM, TAMANHO 6, APLICAÇÃO FIO DE TELEFONE;14/03/2024;14/03/2025;160192 - B ADM AP/5ª RM;5.00000;09.655.702/0001-88 - E C DA SILVA FERRAGENS LTDA;2.00;5.00000;https://contratos.sistema.gov.br/transparencia/compras/507141/itens/4996672/show;Pregão;00013;2023;160192;00013_2023_35;00013/2023;Registro de preços para aquisição futura de material de manutenção de bens imóveis (material de pintura predial e afins).;35;BUCHA FIXAÇĂO;BUCHA FIXAÇĂO, TIPO GRAMPO, COMPRIMENTO 3 CM, TAMANHO 6, APLICAÇĂO FIO DE     TELEFONE;Unidade;2023;00013
160192 - Pregão | 00013/2023;36;250740 - BUCHA FIXAÇÃO;BUCHA FIXAÇÃO, TIPO GRAMPO, COMPRIMENTO 3 CM, TAMANHO 8, APLICAÇÃO FIO DE TELEFONE;14/03/2024;14/03/2025;160192 - B ADM AP/5ª RM;5.00000;92.533.611/0001-13 - GUSEN COMERCIO DE AUTO PECAS LTDA;3.75;5.00000;https://contratos.sistema.gov.br/transparencia/compras/507141/itens/4996673/show;Pregão;00013;2023;160192;00013_2023_36;00013/2023;Registro de preços para aquisição futura de material de manutenção de bens imóveis (material de pintura predial e afins).;36;BUCHA FIXAÇĂO;BUCHA FIXAÇĂO, TIPO GRAMPO, COMPRIMENTO 3 CM, TAMANHO 8, APLICAÇĂO FIO DE     TELEFONE;Unidade;2023;00013
160192 - Pregão | 00013/2023;37;364944 - BUCHA PARAFUSO;BUCHA PARAFUSO, MATERIAL PVC, TAMANHO S-10;28/03/2024;28/03/2025;160192 - B ADM AP/5ª RM;5.00000;37.201.772/0001-00 - VIDOR & HEINECKE REPRESENTACOES COMERCIAIS LTDA;6.50;5.00000;https://contratos.sistema.gov.br/transparencia/compras/507141/itens/5007873/show;Pregão;00013;2023;160192;00013_2023_37;00013/2023;Registro de preços para aquisição futura de material de manutenção de bens imóveis (material de pintura predial e afins).;37;BUCHA PARAFUSO;BUCHA PARAFUSO, MATERIAL PVC, TAMANHO S-10;Caixa 100,00 UN;2023;00013
160192 - Pregão | 00013/2023;38;380265 - BUCHA PARAFUSO;BUCHA PARAFUSO, MATERIAL PLÁSTICO, TAMANHO S-12;28/03/2024;28/03/2025;160192 - B ADM AP/5ª RM;5.00000;37.201.772/0001-00 - VIDOR & HEINECKE REPRESENTACOES COMERCIAIS LTDA;9.15;5.00000;https://contratos.sistema.gov.br/transparencia/compras/507141/itens/5007874/show;Pregão;00013;2023;160192;00013_2023_38;00013/2023;Registro de preços para aquisição futura de material de manutenção de bens imóveis (material de pintura predial e afins).;38;BUCHA PARAFUSO;BUCHA PARAFUSO, MATERIAL PLÁSTICO, TAMANHO S-12;Caixa 100,00 UN;2023;00013
160192 - Pregão | 00013/2023;39;462350 - BUCHA PARAFUSO;BUCHA PARAFUSO, MATERIAL PEAD, TAMANHO 4 X 16 MM, TIPO FLY 2, CARACTERÍSTICAS ADICIONAIS PARA 10 KG DE CARGA;14/03/2024;14/03/2025;160192 - B ADM AP/5ª RM;5.00000;43.098.231/0001-92 - FORTZ COMERCIO DE MATERIAIS ELETRICOS LTDA;10.65;5.00000;https://contratos.sistema.gov.br/transparencia/compras/507141/itens/4996675/show;Pregão;00013;2023;160192;00013_2023_39;00013/2023;Registro de preços para aquisição futura de material de manutenção de bens imóveis (material de pintura predial e afins).;39;BUCHA PARAFUSO;BUCHA PARAFUSO, MATERIAL PEAD, TAMANHO 4 X 16 MM, TIPO FLY 2, CARACTERÍSTICAS ADICIONAIS PARA 10 KG DE CARGA;Caixa 50,00 UN;2023;00013
160192 - Pregão | 00013/2023;40;601981 - BUCHA PARAFUSO;BUCHA PARAFUSO, MATERIAL PLÁSTICO, TAMANHO 32 MM, TIPO PARA DRYWALL E GESSO BUCHA FLY 4.;14/03/2024;14/03/2025;160192 - B ADM AP/5ª RM;5.00000;43.098.231/0001-92 - FORTZ COMERCIO DE MATERIAIS ELETRICOS LTDA;10.65;5.00000;https://contratos.sistema.gov.br/transparencia/compras/507141/itens/4996677/show;Pregão;00013;2023;160192;00013_2023_40;00013/2023;Registro de preços para aquisição futura de material de manutenção de bens imóveis (material de pintura predial e afins).;40;BUCHA PARAFUSO;BUCHA PARAFUSO, MATERIAL PLÁSTICO, TAMANHO 32 MM, TIPO PARA DRYWALL E GESSO   BUCHA FLY 4.;Caixa 50,00 UN;2023;00013
160192 - Pregão | 00013/2023;41;601982 - BUCHA PARAFUSO;BUCHA PARAFUSO, MATERIAL PLÁSTICO, TAMANHO 42 MM, TIPO PARA DRYWALL E GESSO BUCHA FLY 4.;14/03/2024;14/03/2025;160192 - B ADM AP/5ª RM;5.00000;14.636.329/0001-58 - DAFMAQ COMERCIAL LTDA;14.25;5.00000;https://contratos.sistema.gov.br/transparencia/compras/507141/itens/4996679/show;Pregão;00013;2023;160192;00013_2023_41;00013/2023;Registro de preços para aquisição futura de material de manutenção de bens imóveis (material de pintura predial e afins).;41;BUCHA PARAFUSO;BUCHA PARAFUSO, MATERIAL PLÁSTICO, TAMANHO 42 MM, TIPO PARA DRYWALL E GESSO   BUCHA FLY 4.;Caixa 50,00 UN;2023;00013
160192 - Pregão | 00013/2023;42;262872 - ESCÁPULA;ESCÁPULA, MATERIAL AÇO INOXIDÁVEL, TIPO COM ROSCA, DIMENSÃO 3,3 X 57 MM, CARACTERÍSTICAS ADICIONAIS COM BUCHA S-6;14/03/2024;14/03/2025;160192 - B ADM AP/5ª RM;5.00000;14.968.227/0001-30 - FERGAVI COMERCIAL LTDA;18.38;5.00000;https://contratos.sistema.gov.br/transparencia/compras/507141/itens/4996681/show;Pregão;00013;2023;160192;00013_2023_42;00013/2023;Registro de preços para aquisição futura de material de manutenção de bens imóveis (material de pintura predial e afins).;42;ESCÁPULA;ESCÁPULA, MATERIAL AÇO INOXIDÁVEL, TIPO COM ROSCA, DIMENSĂO 3,3 X 57 MM,      CARACTERÍSTICAS ADICIONAIS COM BUCHA S-6;Centena;2023;00013
160192 - Pregão | 00013/2023;43;337548 - ESCÁPULA;ESCÁPULA, MATERIAL AÇO INOXIDÁVEL, TIPO COM ROSCA, CARACTERÍSTICAS ADICIONAIS SEM BUCHA, COMPRIMENTO 1 1/2 POL, ESPESSURA 3 MM;14/03/2024;14/03/2025;160192 - B ADM AP/5ª RM;5.00000;14.636.329/0001-58 - DAFMAQ COMERCIAL LTDA;31.90;5.00000;https://contratos.sistema.gov.br/transparencia/compras/507141/itens/4996683/show;Pregão;00013;2023;160192;00013_2023_43;00013/2023;Registro de preços para aquisição futura de material de manutenção de bens imóveis (material de pintura predial e afins).;43;ESCÁPULA;ESCÁPULA, MATERIAL AÇO INOXIDÁVEL, TIPO COM ROSCA, CARACTERÍSTICAS ADICIONAIS SEM BUCHA, COMPRIMENTO 1 1/2 POL, ESPESSURA 3 MM;Centena;2023;00013
160192 - Pregão | 00013/2023;44;337548 - ESCÁPULA;ESCÁPULA, MATERIAL AÇO INOXIDÁVEL, TIPO COM ROSCA, CARACTERÍSTICAS ADICIONAIS SEM BUCHA, COMPRIMENTO 1 1/2 POL, ESPESSURA 3 MM;14/03/2024;14/03/2025;160192 - B ADM AP/5ª RM;5.00000;14.636.329/0001-58 - DAFMAQ COMERCIAL LTDA;36.84;5.00000;https://contratos.sistema.gov.br/transparencia/compras/507141/itens/4996685/show;Pregão;00013;2023;160192;00013_2023_44;00013/2023;Registro de preços para aquisição futura de material de manutenção de bens imóveis (material de pintura predial e afins).;44;ESCÁPULA;ESCÁPULA, MATERIAL AÇO INOXIDÁVEL, TIPO COM ROSCA, CARACTERÍSTICAS ADICIONAIS SEM BUCHA, COMPRIMENTO 1 1/2 POL, ESPESSURA 3 MM;Centena;2023;00013
160192 - Pregão | 00013/2023;45;479081 - ADESIVO USO GERAL;ADESIVO USO GERAL, APLICAÇÃO COLAGEM DE BORRACHA SINTÉTICA VULCANIZADA AO AÇO, CARACTERÍSTICAS ADICIONAIS NORMA MIL-A-1154, APRESENTAÇÃO PASTA, COMPOSIÇÃO ELASTÔMERO SINTÉTICO, POLICLOROPRENO;28/03/2024;28/03/2025;160192 - B ADM AP/5ª RM;2.00000;31.666.544/0001-10 - AGUA DOCE MATERIAIS DE CONSTRUCAO LTDA;83.80;2.00000;https://contratos.sistema.gov.br/transparencia/compras/507141/itens/4996687/show;Pregão;00013;2023;160192;00013_2023_45;00013/2023;Registro de preços para aquisição futura de material de manutenção de bens imóveis (material de pintura predial e afins).;45;ADESIVO USO GERAL;ADESIVO USO GERAL, APLICAÇĂO COLAGEM DE BORRACHA SINTÉTICA VULCANIZADA AO AÇO,CARACTERÍSTICAS ADICIONAIS NORMA MIL-A-1154, APRESENTAÇĂO PASTA, COMPOSIÇĂO   ELASTÔMERO SINTÉTICO, POLICLOROPRENO;Galăo 2,80 KG;2023;00013
160192 - Pregão | 00013/2023;46;266502 - ADESIVO VEDA-CALHA;ADESIVO VEDA-CALHA, ASPECTO FÍSICO PASTOSO, APLICAÇÃO CALHAS, TELHAS, RUFOS, PINGADEIRA, VALIDADE 12 MESES;14/03/2024;14/03/2025;160192 - B ADM AP/5ª RM;10.00000;08.658.622/0001-13 - J. J. VITALLI;8.72;10.00000;https://contratos.sistema.gov.br/transparencia/compras/507141/itens/4996689/show;Pregão;00013;2023;160192;00013_2023_46;00013/2023;Registro de preços para aquisição futura de material de manutenção de bens imóveis (material de pintura predial e afins).;46;ADESIVO VEDA;ADESIVO VEDA-CALHA, ASPECTO FÍSICO PASTOSO, APLICAÇĂO CALHAS, TELHAS, RUFOS,  PINGADEIRA, VALIDADE 12 MESES;Bisnaga 280,00 G;2023;00013
160192 - Pregão | 00013/2023;47;280791 - COLA;COLA, COMPOSIÇÃO ACÉTICO E SILICONE, COR INCOLOR, APLICAÇÃO VIDRO, ALUMÍNIO, TIPO LÍQUIDO;14/03/2024;14/03/2025;160192 - B ADM AP/5ª RM;50.00000;43.098.231/0001-92 - FORTZ COMERCIO DE MATERIAIS ELETRICOS LTDA;10.48;50.00000;https://contratos.sistema.gov.br/transparencia/compras/507141/itens/4996691/show;Pregão;00013;2023;160192;00013_2023_47;00013/2023;Registro de preços para aquisição futura de material de manutenção de bens imóveis (material de pintura predial e afins).;47;COLA;COLA, COMPOSIÇĂO ACÉTICO E SILICONE, COR INCOLOR, APLICAÇĂO VIDRO, ALUMÍNIO,  TIPO LÍQUIDO;Tubo 250,00 G;2023;00013
160192 - Pregão | 00013/2023;48;409623 - PISTOLA APLICADORA;PISTOLA APLICADORA, APLICAÇÃO SILICONE, CARACTERÍSTICAS ADICIONAIS TIPO: MANUAL, COM GATILHO E MOLA DE RETROCESSO, MATERIAL AÇO;14/03/2024;14/03/2025;160192 - B ADM AP/5ª RM;10.00000;08.658.622/0001-13 - J. J. VITALLI;9.12;10.00000;https://contratos.sistema.gov.br/transparencia/compras/507141/itens/4996693/show;Pregão;00013;2023;160192;00013_2023_48;00013/2023;Registro de preços para aquisição futura de material de manutenção de bens imóveis (material de pintura predial e afins).;48;PISTOLA APLICADORA;PISTOLA APLICADORA, APLICAÇĂO SILICONE, CARACTERÍSTICAS ADICIONAIS TIPO:      MANUAL, COM GATILHO E MOLA DE RETROCESSO, MATERIAL AÇO;Unidade;2023;00013
160192 - Pregão | 00013/2023;49;428202 - COLA;COLA, COMPOSIÇÃO CIANIACRILATO, COR INCOLOR, APLICAÇÃO VIDRO,BORRACHA,PLÁSTICO,PVC,METAL,ACRÍLICO,NÁILON, CARACTERÍSTICAS ADICIONAIS GEL, TIPO INSTANTÂNEA, APRESENTAÇÃO EMBALAGEM 4G;14/03/2024;14/03/2025;160192 - B ADM AP/5ª RM;20.00000;05.383.313/0001-90 - NOGUEIRA NOBRE COMERCIO E SERVICOS LTDA;3.00;20.00000;https://contratos.sistema.gov.br/transparencia/compras/507141/itens/4996695/show;Pregão;00013;2023;160192;00013_2023_49;00013/2023;Registro de preços para aquisição futura de material de manutenção de bens imóveis (material de pintura predial e afins).;49;COLA;COLA, COMPOSIÇĂO CIANIACRILATO, COR INCOLOR, APLICAÇĂO                        VIDRO,BORRACHA,PLÁSTICO,PVC,METAL,ACRÍLICO,NÁILON, CARACTERÍSTICAS ADICIONAIS GEL, TIPO INSTANTÂNEA, APRESENTAÇĂO EMBALAGEM 4G;Unidade;2023;00013
160192 - Pregão | 00013/2023;50;468764 - CONJUNTO BROCA;"CONJUNTO BROCA, MATERIAL VÍDEA, APLICAÇÃO CONCRETO, COMPONENTES 8 PEÇAS DE 3; 4, 5, 6, 7, 8, 9 E 10MM";14/03/2024;14/03/2025;160192 - B ADM AP/5ª RM;5.00000;35.236.131/0001-57 - GGV COMERCIAL LTDA;13.20;5.00000;https://contratos.sistema.gov.br/transparencia/compras/507141/itens/4996697/show;Pregão;00013;2023;160192;00013_2023_50;00013/2023;Registro de preços para aquisição futura de material de manutenção de bens imóveis (material de pintura predial e afins).;50;CONJUNTO BROCA;"CONJUNTO BROCA, MATERIAL VÍDEA, APLICAÇĂO CONCRETO, COMPONENTES 8 PEÇAS DE 3; 4, 5, 6, 7, 8, 9 E 10MM";Unidade;2023;00013
160192 - Pregão | 00013/2023;51;422013 - CONJUNTO BROCA;CONJUNTO BROCA, MATERIAL AÇO RÁPIDO, APLICAÇÃO METAL, COMPONENTES 25 PEÇAS DE 1 A 13 MM;28/03/2024;28/03/2025;160192 - B ADM AP/5ª RM;2.00000;15.292.367/0001-01 - RR ANDRADE DISTRIBUIDORA LTDA.;118.80;2.00000;https://contratos.sistema.gov.br/transparencia/compras/507141/itens/4996700/show;Pregão;00013;2023;160192;00013_2023_51;00013/2023;Registro de preços para aquisição futura de material de manutenção de bens imóveis (material de pintura predial e afins).;51;CONJUNTO BROCA;CONJUNTO BROCA, MATERIAL AÇO RÁPIDO, APLICAÇĂO METAL, COMPONENTES 25 PEÇAS DE 1 A 13 MM;Unidade;2023;00013
160192 - Pregão | 00013/2023;53;217073 - MOURÃO CONCRETO;MOURÃO CONCRETO, TIPO SEÇÃO QUADRADA, APLICAÇÃO CERCA ARAME, COMPRIMENTO TOTAL 2,50 M, COMPRIMENTO FORA SOLO 1,90 M, COMPRIMENTO ENTERRADO 0,60 M, CARGA ÚTIL 100 KG, CARGA RUPTURA 150 KG, PESO 58 KG;28/03/2024;28/03/2025;160192 - B ADM AP/5ª RM;20.00000;49.216.985/0001-86 - MUNIZ LEMOS SERVICOS DE ENGENHARIA LTDA;39.00;20.00000;https://contratos.sistema.gov.br/transparencia/compras/507141/itens/5007876/show;Pregão;00013;2023;160192;00013_2023_53;00013/2023;Registro de preços para aquisição futura de material de manutenção de bens imóveis (material de pintura predial e afins).;53;MOURĂO CONCRETO;MOURĂO CONCRETO, TIPO SEÇĂO QUADRADA, APLICAÇĂO CERCA ARAME, COMPRIMENTO TOTAL2,50 M, COMPRIMENTO FORA SOLO 1,90 M, COMPRIMENTO ENTERRADO 0,60 M, CARGA ÚTIL100 KG, CARGA RUPTURA 150 KG, PESO 58 KG;Unidade;2023;00013
160192 - Pregão | 00013/2023;55;287375 - TIJOLO;TIJOLO, MATERIAL BARRO COZIDO, TIPO FURADO, COMPRIMENTO 18 CM, LARGURA 15 CM, ESPESSURA 10 CM, QUANTIDADE FUROS 6 UN, CARACTERÍSTICAS ADICIONAIS PRIMEIRA QUALIDADE;28/03/2024;28/03/2025;160192 - B ADM AP/5ª RM;1.00000;31.666.544/0001-10 - AGUA DOCE MATERIAIS DE CONSTRUCAO LTDA;575.00;1.00000;https://contratos.sistema.gov.br/transparencia/compras/507141/itens/5007877/show;Pregão;00013;2023;160192;00013_2023_55;00013/2023;Registro de preços para aquisição futura de material de manutenção de bens imóveis (material de pintura predial e afins).;55;TIJOLO;TIJOLO, MATERIAL BARRO COZIDO, TIPO FURADO, COMPRIMENTO 18 CM, LARGURA 15 CM, ESPESSURA 10 CM, QUANTIDADE FUROS 6 UN, CARACTERÍSTICAS ADICIONAIS PRIMEIRA   QUALIDADE;Milheiro;2023;00013
160192 - Pregão | 00013/2023;56;454500 - CIMENTO PORTLAND;CIMENTO PORTLAND, MATERIAL CLINKER, TIPO CP II- F 32;28/03/2024;28/03/2025;160192 - B ADM AP/5ª RM;70.00000;31.666.544/0001-10 - AGUA DOCE MATERIAIS DE CONSTRUCAO LTDA;33.00;70.00000;https://contratos.sistema.gov.br/transparencia/compras/507141/itens/5007878/show;Pregão;00013;2023;160192;00013_2023_56;00013/2023;Registro de preços para aquisição futura de material de manutenção de bens imóveis (material de pintura predial e afins).;56;CIMENTO PORTLAND;CIMENTO PORTLAND, MATERIAL CLINKER, TIPO CP II- F 32;Saco 50,00 KG;2023;00013
160192 - Pregão | 00013/2023;57;245945 - TELHA;TELHA, MATERIAL FIBROCIMENTO, TIPO ONDULADA, COMPRIMENTO 244 CM, LARGURA 110 CM, ESPESSURA 8 MM;14/03/2024;14/03/2025;160192 - B ADM AP/5ª RM;90.00000;46.006.622/0001-28 - DUTRA COMERCIO E SERVICOS LTDA.;68.90;90.00000;https://contratos.sistema.gov.br/transparencia/compras/507141/itens/4996705/show;Pregão;00013;2023;160192;00013_2023_57;00013/2023;Registro de preços para aquisição futura de material de manutenção de bens imóveis (material de pintura predial e afins).;57;TELHA;TELHA, MATERIAL FIBROCIMENTO, TIPO ONDULADA, COMPRIMENTO 244 CM, LARGURA 110  CM, ESPESSURA 8 MM;Unidade;2023;00013
160192 - Pregão | 00013/2023;58;315173 - ARGAMASSA;ARGAMASSA, COMPOSIÇÃO CIMENTO, AGREGADOS MINERAIS E ADITIVOS, APLICAÇÃO ASSENTAMENTO DE CERÂMICA EM PAREDES E PISO, CARACTERÍSTICAS ADICIONAIS COLANTE DE USO EXTERNO, APRESENTAÇÃO PÓ, TIPO AC III, NORMAS TÉCNICAS NBR 14081;28/03/2024;28/03/2025;160192 - B ADM AP/5ª RM;50.00000;31.666.544/0001-10 - AGUA DOCE MATERIAIS DE CONSTRUCAO LTDA;24.99;20.00000;https://contratos.sistema.gov.br/transparencia/compras/507141/itens/4996707/show;Pregão;00013;2023;160192;00013_2023_58;00013/2023;Registro de preços para aquisição futura de material de manutenção de bens imóveis (material de pintura predial e afins).;58;ARGAMASSA;ARGAMASSA, COMPOSIÇĂO CIMENTO, AGREGADOS MINERAIS E ADITIVOS, APLICAÇĂO       ASSENTAMENTO DE CERÂMICA EM PAREDES E PISO, CARACTERÍSTICAS ADICIONAIS COLANTEDE USO EXTERNO, APRESENTAÇĂO PÓ, TIPO AC III, NORMAS TÉCNICAS NBR 14081;Saco 20,00 KG;2023;00013
160192 - Pregão | 00013/2023;59;296200 - DESEMPENADEIRA MANUAL;DESEMPENADEIRA MANUAL, MATERIAL AÇO, COMPRIMENTO 25 CM, LARGURA 12 CM, APLICAÇÃO ARGAMASSA, CARACTERÍSTICAS ADICIONAIS COM DENTES;14/03/2024;14/03/2025;160192 - B ADM AP/5ª RM;5.00000;08.658.622/0001-13 - J. J. VITALLI;7.78;5.00000;https://contratos.sistema.gov.br/transparencia/compras/507141/itens/4996708/show;Pregão;00013;2023;160192;00013_2023_59;00013/2023;Registro de preços para aquisição futura de material de manutenção de bens imóveis (material de pintura predial e afins).;59;DESEMPENADEIRA MANUAL;DESEMPENADEIRA MANUAL, MATERIAL AÇO, COMPRIMENTO 25 CM, LARGURA 12 CM,        APLICAÇĂO ARGAMASSA, CARACTERÍSTICAS ADICIONAIS COM DENTES;Unidade;2023;00013
160192 - Pregão | 00013/2023;60;448856 - DESEMPENADEIRA MANUAL;DESEMPENADEIRA MANUAL, MATERIAL AÇO, COMPRIMENTO 29 CM, LARGURA 12 CM, APLICAÇÃO SERVIÇOS DE OBRAS, CARACTERÍSTICAS ADICIONAIS LISA;14/03/2024;14/03/2025;160192 - B ADM AP/5ª RM;5.00000;14.636.329/0001-58 - DAFMAQ COMERCIAL LTDA;11.46;5.00000;https://contratos.sistema.gov.br/transparencia/compras/507141/itens/4996709/show;Pregão;00013;2023;160192;00013_2023_60;00013/2023;Registro de preços para aquisição futura de material de manutenção de bens imóveis (material de pintura predial e afins).;60;DESEMPENADEIRA MANUAL;DESEMPENADEIRA MANUAL, MATERIAL AÇO, COMPRIMENTO 29 CM, LARGURA 12 CM,        APLICAÇĂO SERVIÇOS DE OBRAS, CARACTERÍSTICAS ADICIONAIS LISA;Unidade;2023;00013
160192 - Pregão | 00013/2023;61;436485 - DESEMPENADEIRA MANUAL;DESEMPENADEIRA MANUAL, MATERIAL TERMOPLÁSTICO, COMPRIMENTO 30 CM, LARGURA 18 CM;14/03/2024;14/03/2025;160192 - B ADM AP/5ª RM;5.00000;35.236.131/0001-57 - GGV COMERCIAL LTDA;7.88;5.00000;https://contratos.sistema.gov.br/transparencia/compras/507141/itens/4996710/show;Pregão;00013;2023;160192;00013_2023_61;00013/2023;Registro de preços para aquisição futura de material de manutenção de bens imóveis (material de pintura predial e afins).;61;DESEMPENADEIRA MANUAL;DESEMPENADEIRA MANUAL, MATERIAL TERMOPLÁSTICO, COMPRIMENTO 30 CM, LARGURA 18  CM;Unidade;2023;00013
160192 - Pregão | 00013/2023;62;436485 - DESEMPENADEIRA MANUAL;DESEMPENADEIRA MANUAL, MATERIAL TERMOPLÁSTICO, COMPRIMENTO 30 CM, LARGURA 18 CM;14/03/2024;14/03/2025;160192 - B ADM AP/5ª RM;5.00000;43.731.740/0001-00 - FRONT COMERCIAL LTDA;6.00;5.00000;https://contratos.sistema.gov.br/transparencia/compras/507141/itens/4996711/show;Pregão;00013;2023;160192;00013_2023_62;00013/2023;Registro de preços para aquisição futura de material de manutenção de bens imóveis (material de pintura predial e afins).;62;DESEMPENADEIRA MANUAL;DESEMPENADEIRA MANUAL, MATERIAL TERMOPLÁSTICO, COMPRIMENTO 30 CM, LARGURA 18  CM;Unidade;2023;00013
160192 - Pregão | 00013/2023;63;485348 - DESEMPENADEIRA MANUAL;DESEMPENADEIRA MANUAL, MATERIAL MADEIRA, COMPRIMENTO 25 CM, LARGURA 16 CM;14/03/2024;14/03/2025;160192 - B ADM AP/5ª RM;5.00000;20.473.312/0001-20 - A C P DA SILVA QUINOY COMERCIO E  SERVICOS;9.57;5.00000;https://contratos.sistema.gov.br/transparencia/compras/507141/itens/4996712/show;Pregão;00013;2023;160192;00013_2023_63;00013/2023;Registro de preços para aquisição futura de material de manutenção de bens imóveis (material de pintura predial e afins).;63;DESEMPENADEIRA MANUAL;DESEMPENADEIRA MANUAL, MATERIAL MADEIRA, COMPRIMENTO 25 CM, LARGURA 16 CM;Unidade;2023;00013
160192 - Pregão | 00013/2023;64;216954 - AREIA;AREIA, TIPO LAVADA, GRANULOMETRIA MÉDIA;14/03/2024;14/03/2025;160192 - B ADM AP/5ª RM;8.00000;38.160.210/0001-10 - MIDAS PRODUTOS E SERVICOS LTDA;121.00;8.00000;https://contratos.sistema.gov.br/transparencia/compras/507141/itens/4996713/show;Pregão;00013;2023;160192;00013_2023_64;00013/2023;Registro de preços para aquisição futura de material de manutenção de bens imóveis (material de pintura predial e afins).;64;AREIA;AREIA, TIPO LAVADA, GRANULOMETRIA MÉDIA;Metro cúbico;2023;00013
160192 - Pregão | 00013/2023;68;466170 - CAIBRO;CAIBRO, MATERIAL MADEIRA, TIPO MADEIRA ANGELIM, LARGURA 5 CM, ESPESSURA 5 CM;14/03/2024;14/03/2025;160192 - B ADM AP/5ª RM;10.00000;52.262.609/0001-32 - MX 3 COMERCIO DE MADEIRAS E TELHAS LTDA;17.10;10.00000;https://contratos.sistema.gov.br/transparencia/compras/507141/itens/4996716/show;Pregão;00013;2023;160192;00013_2023_68;00013/2023;Registro de preços para aquisição futura de material de manutenção de bens imóveis (material de pintura predial e afins).;68;CAIBRO;CAIBRO, MATERIAL MADEIRA, TIPO MADEIRA ANGELIM, LARGURA 5 CM, ESPESSURA 5 CM;Unidade;2023;00013
160192 - Pregão | 00013/2023;69;370253 - CAIBRO;CAIBRO, MATERIAL MADEIRA, TIPO MADEIRA JATOBÁ, USO TELHADO, LARGURA 10 CM, ESPESSURA 8 CM, COMPRIMENTO 5 M;28/03/2024;28/03/2025;160192 - B ADM AP/5ª RM;10.00000;15.292.367/0001-01 - RR ANDRADE DISTRIBUIDORA LTDA.;31.70;10.00000;https://contratos.sistema.gov.br/transparencia/compras/507141/itens/4996717/show;Pregão;00013;2023;160192;00013_2023_69;00013/2023;Registro de preços para aquisição futura de material de manutenção de bens imóveis (material de pintura predial e afins).;69;CAIBRO;CAIBRO, MATERIAL MADEIRA, TIPO MADEIRA JATOBÁ, USO TELHADO, LARGURA 10 CM,    ESPESSURA 8 CM, COMPRIMENTO 5 M;Unidade;2023;00013
160192 - Pregão | 00013/2023;70;392093 - MADEIRA CONSTRUÇÃO;MADEIRA CONSTRUÇÃO, TIPO MADEIRA MAÇARANDUBA, FORMATO CAIBRO, COMPRIMENTO 4 M, LARGURA 7 CM, ESPESSURA 5 CM;28/03/2024;28/03/2025;160192 - B ADM AP/5ª RM;10.00000;15.292.367/0001-01 - RR ANDRADE DISTRIBUIDORA LTDA.;31.73;10.00000;https://contratos.sistema.gov.br/transparencia/compras/507141/itens/4996718/show;Pregão;00013;2023;160192;00013_2023_70;00013/2023;Registro de preços para aquisição futura de material de manutenção de bens imóveis (material de pintura predial e afins).;70;MADEIRA CONSTRUÇĂO;MADEIRA CONSTRUÇĂO, TIPO MADEIRA MAÇARANDUBA, FORMATO CAIBRO, COMPRIMENTO 4 M,LARGURA 7 CM, ESPESSURA 5 CM;Unidade;2023;00013
160192 - Pregão | 00013/2023;71;388544 - RIPA;RIPA, MATERIAL MADEIRA, ESPÉCIE CAMBARÁ, COMPRIMENTO 4 M, LARGURA 5 CM, ESPESSURA 1,50 CM, CARACTERÍSTICAS ADICIONAIS 1ª QUALIDADE, SEM TRATAMENTO;14/03/2024;14/03/2025;160192 - B ADM AP/5ª RM;10.00000;52.262.609/0001-32 - MX 3 COMERCIO DE MADEIRAS E TELHAS LTDA;9.90;10.00000;https://contratos.sistema.gov.br/transparencia/compras/507141/itens/4996719/show;Pregão;00013;2023;160192;00013_2023_71;00013/2023;Registro de preços para aquisição futura de material de manutenção de bens imóveis (material de pintura predial e afins).;71;RIPA;RIPA, MATERIAL MADEIRA, ESPÉCIE CAMBARÁ, COMPRIMENTO 4 M, LARGURA 5 CM,       ESPESSURA 1,50 CM, CARACTERÍSTICAS ADICIONAIS 1Ş QUALIDADE, SEM TRATAMENTO;Unidade;2023;00013
160192 - Pregão | 00013/2023;72;272085 - MADEIRA CONSTRUÇÃO;MADEIRA CONSTRUÇÃO, TIPO MADEIRA PINUS, FORMATO TÁBUA, COMPRIMENTO 3 M, LARGURA 30 CM, ESPESSURA 2,5 CM, APLICAÇÃO CONSTRUÇÃO CIVIL;14/03/2024;14/03/2025;160192 - B ADM AP/5ª RM;10.00000;52.262.609/0001-32 - MX 3 COMERCIO DE MADEIRAS E TELHAS LTDA;31.40;10.00000;https://contratos.sistema.gov.br/transparencia/compras/507141/itens/4996720/show;Pregão;00013;2023;160192;00013_2023_72;00013/2023;Registro de preços para aquisição futura de material de manutenção de bens imóveis (material de pintura predial e afins).;72;MADEIRA CONSTRUÇĂO;MADEIRA CONSTRUÇĂO, TIPO MADEIRA PINUS, FORMATO TÁBUA, COMPRIMENTO 3 M,       LARGURA 30 CM, ESPESSURA 2,5 CM, APLICAÇĂO CONSTRUÇĂO CIVIL;Unidade;2023;00013
160192 - Pregão | 00013/2023;73;454503 - COMPENSADO MADEIRA;COMPENSADO MADEIRA, MATERIAL VIROLA, COMPRIMENTO 2,20 M, LARGURA 1,60 M, ESPESSURA 15 MM, APLICAÇÃO CONFECÇÃO DE MÓVEIS, CARACTERÍSTICAS ADICIONAIS TIPO PARICA;28/03/2024;28/03/2025;160192 - B ADM AP/5ª RM;10.00000;31.666.544/0001-10 - AGUA DOCE MATERIAIS DE CONSTRUCAO LTDA;198.99;10.00000;https://contratos.sistema.gov.br/transparencia/compras/507141/itens/4996721/show;Pregão;00013;2023;160192;00013_2023_73;00013/2023;Registro de preços para aquisição futura de material de manutenção de bens imóveis (material de pintura predial e afins).;73;COMPENSADO MADEIRA;COMPENSADO MADEIRA, MATERIAL VIROLA, COMPRIMENTO 2,20 M, LARGURA 1,60 M,      ESPESSURA 15 MM, APLICAÇĂO CONFECÇĂO DE MÓVEIS, CARACTERÍSTICAS ADICIONAIS    TIPO PARICA;Unidade;2023;00013
160192 - Pregão | 00013/2023;74;343113 - ESPAÇADOR;ESPAÇADOR, MATERIAL PLÁSTICO RÍGIDO, LARGURA 2 MM, APLICAÇÃO REVESTIMENTO CERÂMICO, TIPO FIXO;14/03/2024;14/03/2025;160192 - B ADM AP/5ª RM;10.00000;40.044.357/0001-96 - CJC COMERCIO VAREJISTA E ATACADISTA DE FERRAMENTAS LTDA;1.64;10.00000;https://contratos.sistema.gov.br/transparencia/compras/507141/itens/4996722/show;Pregão;00013;2023;160192;00013_2023_74;00013/2023;Registro de preços para aquisição futura de material de manutenção de bens imóveis (material de pintura predial e afins).;74;ESPAÇADOR;ESPAÇADOR, MATERIAL PLÁSTICO RÍGIDO, LARGURA 2 MM, APLICAÇĂO REVESTIMENTO     CERÂMICO, TIPO FIXO;Pacote 100,00 UN;2023;00013
160192 - Pregão | 00013/2023;75;446838 - ESPAÇADOR;ESPAÇADOR, MATERIAL PLÁSTICO RÍGIDO, LARGURA 1,5 MM, APLICAÇÃO PISO/ PAREDE, TIPO FIXO;14/03/2024;14/03/2025;160192 - B ADM AP/5ª RM;10.00000;40.044.357/0001-96 - CJC COMERCIO VAREJISTA E ATACADISTA DE FERRAMENTAS LTDA;1.64;10.00000;https://contratos.sistema.gov.br/transparencia/compras/507141/itens/4996723/show;Pregão;00013;2023;160192;00013_2023_75;00013/2023;Registro de preços para aquisição futura de material de manutenção de bens imóveis (material de pintura predial e afins).;75;ESPAÇADOR;ESPAÇADOR, MATERIAL PLÁSTICO RÍGIDO, LARGURA 1,5 MM, APLICAÇĂO PISO/ PAREDE,  TIPO FIXO;Pacote 100,00 UN;2023;00013
160192 - Pregão | 00013/2023;76;291126 - ARAME GALVANIZADO;ARAME GALVANIZADO, MATERIAL ARAME GALVANIZADO, TIPO Nº 12;14/03/2024;14/03/2025;160192 - B ADM AP/5ª RM;10.00000;43.731.740/0001-00 - FRONT COMERCIAL LTDA;12.97;10.00000;https://contratos.sistema.gov.br/transparencia/compras/507141/itens/4996724/show;Pregão;00013;2023;160192;00013_2023_76;00013/2023;Registro de preços para aquisição futura de material de manutenção de bens imóveis (material de pintura predial e afins).;76;ARAME GALVANIZADO;ARAME GALVANIZADO, MATERIAL ARAME GALVANIZADO, TIPO Nş 12;Quilograma;2023;00013
160192 - Pregão | 00013/2023;77;396480 - ARAME GALVANIZADO;ARAME GALVANIZADO, MATERIAL METAL, TIPO Nº 16, COR VERDE, DIÂMETRO FIO 1,65 MM , REVESTIMENTO PVC;14/03/2024;14/03/2025;160192 - B ADM AP/5ª RM;10.00000;14.636.329/0001-58 - DAFMAQ COMERCIAL LTDA;14.68;10.00000;https://contratos.sistema.gov.br/transparencia/compras/507141/itens/4996725/show;Pregão;00013;2023;160192;00013_2023_77;00013/2023;Registro de preços para aquisição futura de material de manutenção de bens imóveis (material de pintura predial e afins).;77;ARAME GALVANIZADO;ARAME GALVANIZADO, MATERIAL METAL, TIPO Nş 16, COR VERDE, DIÂMETRO FIO 1,65 MM, REVESTIMENTO PVC;Quilograma;2023;00013
160192 - Pregão | 00013/2023;78;247711 - ARAME GALVANIZADO;ARAME GALVANIZADO, MATERIAL ARAME GALVANIZADO, TIPO Nº 18;14/03/2024;14/03/2025;160192 - B ADM AP/5ª RM;2.00000;14.636.329/0001-58 - DAFMAQ COMERCIAL LTDA;12.90;2.00000;https://contratos.sistema.gov.br/transparencia/compras/507141/itens/4996726/show;Pregão;00013;2023;160192;00013_2023_78;00013/2023;Registro de preços para aquisição futura de material de manutenção de bens imóveis (material de pintura predial e afins).;78;ARAME GALVANIZADO;ARAME GALVANIZADO, MATERIAL ARAME GALVANIZADO, TIPO Nş 18;Quilograma;2023;00013
160192 - Pregão | 00013/2023;79;217669 - ARAME FARPADO;ARAME FARPADO, MATERIAL AÇO, BITOLA 16 BWG, COMPRIMENTO 250 M, PESO 10,60 KG, DIÂMETRO 1,60 MM, CARGA RUPTURA 350 KGF, DISTÂNCIA ENTRE FARPAS 125 MM, TORÇÃO CONTÍNUA, TRATAMENTO SUPERFICIAL GALVANIZADO;14/03/2024;14/03/2025;160192 - B ADM AP/5ª RM;5.00000;14.636.329/0001-58 - DAFMAQ COMERCIAL LTDA;175.58;5.00000;https://contratos.sistema.gov.br/transparencia/compras/507141/itens/4996727/show;Pregão;00013;2023;160192;00013_2023_79;00013/2023;Registro de preços para aquisição futura de material de manutenção de bens imóveis (material de pintura predial e afins).;79;ARAME FARPADO;ARAME FARPADO, MATERIAL AÇO, BITOLA 16 BWG, COMPRIMENTO 250 M, PESO 10,60 KG, DIÂMETRO 1,60 MM, CARGA RUPTURA 350 KGF, DISTÂNCIA ENTRE FARPAS 125 MM, TORÇĂOCONTÍNUA, TRATAMENTO SUPERFICIAL GALVANIZADO;Rolo 250,00 M;2023;00013
160192 - Pregão | 00013/2023;80;323877 - PARAFUSO FIXAÇÃO TELHADO;PARAFUSO FIXAÇÃO TELHADO, MATERIAL ALUMÍNIO, ACABAMENTO SUPERFICIAL ZINCADO BRANCO, COMPRIMENTO 150 MM, DIÂMETRO 5/16 POL, CARACTERÍSTICAS ADICIONAIS CONJUNTO VEDAÇÃO ELÁSTICA, PASSO ROSCA 2 MM;14/03/2024;14/03/2025;160192 - B ADM AP/5ª RM;10.00000;18.955.309/0001-09 - GLOBAL IMPORTADORA E COMERCIO LTDA;0.98;10.00000;https://contratos.sistema.gov.br/transparencia/compras/507141/itens/4996728/show;Pregão;00013;2023;160192;00013_2023_80;00013/2023;Registro de preços para aquisição futura de material de manutenção de bens imóveis (material de pintura predial e afins).;80;PARAFUSO FIXAÇĂO TELHADO;PARAFUSO FIXAÇĂO TELHADO, MATERIAL ALUMÍNIO, ACABAMENTO SUPERFICIAL ZINCADO   BRANCO, COMPRIMENTO 150 MM, DIÂMETRO 5/16 POL, CARACTERÍSTICAS ADICIONAIS     CONJUNTO VEDAÇĂO ELÁSTICA, PASSO ROSCA 2 MM;Unidade;2023;00013
160192 - Pregão | 00013/2023;81;238192 - PARAFUSO COM BUCHA E PORCA;PARAFUSO COM BUCHA E PORCA, MATERIAL LATÃO, REFERÊNCIA BUCHA Nº 10, TIPO PORCA DE MAMA, APLICAÇÃO FIXAÇÃO DE LOUÇAS SANITÁRIAS;14/03/2024;14/03/2025;160192 - B ADM AP/5ª RM;20.00000;08.658.622/0001-13 - J. J. VITALLI;1.22;20.00000;https://contratos.sistema.gov.br/transparencia/compras/507141/itens/4996729/show;Pregão;00013;2023;160192;00013_2023_81;00013/2023;Registro de preços para aquisição futura de material de manutenção de bens imóveis (material de pintura predial e afins).;81;PARAFUSO COM BUCHA E PORCA;PARAFUSO COM BUCHA E PORCA, MATERIAL LATĂO, REFERĘNCIA BUCHA Nş 10, TIPO PORCADE MAMA, APLICAÇĂO FIXAÇĂO DE LOUÇAS SANITÁRIAS;Unidade;2023;00013
160192 - Pregão | 00013/2023;82;401337 - PEÇA , COMPONENTE ROÇADEIRA;PEÇA / COMPONENTE ROÇADEIRA, TIPO FIO DE CORTE, MATERIAL NYLON PADRÃO DE COR VEMELHA, DIÂMETRO 3 MM, APLICAÇÃO ROÇADEIRA COSTAL;14/03/2024;14/03/2025;160192 - B ADM AP/5ª RM;12.00000;45.332.828/0001-85 - LICITA INVEST - ASSESSORIA COMERCIAL LTDA;88.00;12.00000;https://contratos.sistema.gov.br/transparencia/compras/507141/itens/4996730/show;Pregão;00013;2023;160192;00013_2023_82;00013/2023;Registro de preços para aquisição futura de material de manutenção de bens imóveis (material de pintura predial e afins).;82;PEÇA / COMPONENTE ROÇADEIRA;PEÇA / COMPONENTE ROÇADEIRA, TIPO FIO DE CORTE, MATERIAL NYLON PADRĂO DE COR  VEMELHA, DIÂMETRO 3 MM, APLICAÇĂO ROÇADEIRA COSTAL;Unidade;2023;00013
160192 - Pregão | 00013/2023;83;255402 - CAL VIVA;CAL VIVA, MATERIAL ÓXIDO CÁLCIO, COR BRANCA, APRESENTAÇÃO PÓ, APLICAÇÃO CONSTRUÇÃO EM GERAL;28/03/2024;28/03/2025;160192 - B ADM AP/5ª RM;20.00000;31.666.544/0001-10 - AGUA DOCE MATERIAIS DE CONSTRUCAO LTDA;17.90;0.00000;https://contratos.sistema.gov.br/transparencia/compras/507141/itens/5007880/show;Pregão;00013;2023;160192;00013_2023_83;00013/2023;Registro de preços para aquisição futura de material de manutenção de bens imóveis (material de pintura predial e afins).;83;CAL VIVA;CAL VIVA, MATERIAL ÓXIDO CÁLCIO, COR BRANCA, APRESENTAÇĂO PÓ, APLICAÇĂO       CONSTRUÇĂO EM GERAL;Saco 20,00 KG;2023;00013
160192 - Pregão | 00013/2023;85;481557 - LONA PLÁSTICA;LONA PLÁSTICA, LARGURA 4 M, COMPRIMENTO 50 M, COR PRETA, APLICAÇÃO COBERTURA PROTEÇÃO;14/03/2024;14/03/2025;160192 - B ADM AP/5ª RM;30.00000;13.991.459/0001-46 - BAZA DISTRIBUIDORA LTDA;139.19;30.00000;https://contratos.sistema.gov.br/transparencia/compras/507141/itens/4996732/show;Pregão;00013;2023;160192;00013_2023_85;00013/2023;Registro de preços para aquisição futura de material de manutenção de bens imóveis (material de pintura predial e afins).;85;LONA PLÁSTICA;LONA PLÁSTICA, LARGURA 4 M, COMPRIMENTO 50 M, COR PRETA, APLICAÇĂO COBERTURA  PROTEÇĂO;Rolo 50,00 M;2023;00013
160192 - Pregão | 00013/2023;86;389890 - ESPUMA;ESPUMA, MATERIAL POLIURETANO, ASPECTO FÍSICO SPRAY, APLICAÇÃO VEDAÇÃO SUPERFÍCIES LISAS E POROSAS, CARACTERÍSTICAS ADICIONAIS EXPANSIVA;14/03/2024;14/03/2025;160192 - B ADM AP/5ª RM;20.00000;43.098.231/0001-92 - FORTZ COMERCIO DE MATERIAIS ELETRICOS LTDA;14.28;20.00000;https://contratos.sistema.gov.br/transparencia/compras/507141/itens/4996733/show;Pregão;00013;2023;160192;00013_2023_86;00013/2023;Registro de preços para aquisição futura de material de manutenção de bens imóveis (material de pintura predial e afins).;86;ESPUMA;ESPUMA, MATERIAL POLIURETANO, ASPECTO FÍSICO SPRAY, APLICAÇĂO VEDAÇĂO         SUPERFÍCIES LISAS E POROSAS, CARACTERÍSTICAS ADICIONAIS EXPANSIVA;Unidade;2023;00013
160192 - Pregão | 00013/2023;87;392379 - BOTÃO;BOTÃO, TIPO FRANCÊS, MATERIAL METAL CROMADO, FORMATO CIRCULAR, APLICAÇÃO FIXAÇÃO VIDRO/ESPELHO;28/03/2024;28/03/2025;160192 - B ADM AP/5ª RM;5.00000;31.666.544/0001-10 - AGUA DOCE MATERIAIS DE CONSTRUCAO LTDA;2.70;0.00000;https://contratos.sistema.gov.br/transparencia/compras/507141/itens/4996734/show;Pregão;00013;2023;160192;00013_2023_87;00013/2023;Registro de preços para aquisição futura de material de manutenção de bens imóveis (material de pintura predial e afins).;87;BOTĂO;BOTĂO, TIPO FRANCĘS, MATERIAL METAL CROMADO, FORMATO CIRCULAR, APLICAÇĂO      FIXAÇĂO VIDRO/ESPELHO;Unidade;2023;00013
160192 - Pregão | 00013/2023;88;399469 - ABRAÇADEIRA;ABRAÇADEIRA, MATERIAL METAL GALVANIZADO, TIPO CLIPE, APLICAÇÃO FIXAÇÃO CABO DE AÇO, DIÂMETRO AMARRAÇÃO 1/8 POL;14/03/2024;14/03/2025;160192 - B ADM AP/5ª RM;20.00000;43.731.740/0001-00 - FRONT COMERCIAL LTDA;0.27;20.00000;https://contratos.sistema.gov.br/transparencia/compras/507141/itens/4996735/show;Pregão;00013;2023;160192;00013_2023_88;00013/2023;Registro de preços para aquisição futura de material de manutenção de bens imóveis (material de pintura predial e afins).;88;ABRAÇADEIRA;ABRAÇADEIRA, MATERIAL METAL GALVANIZADO, TIPO CLIPE, APLICAÇĂO FIXAÇĂO CABO DEAÇO, DIÂMETRO AMARRAÇĂO 1/8 POL;Unidade;2023;00013
160192 - Pregão | 00013/2023;89;467075 - ABRAÇADEIRA;ABRAÇADEIRA, MATERIAL METAL GALVANIZADO, TIPO CLIPE, APLICAÇÃO FIXAÇÃO CABO DE AÇO, DIÂMETRO AMARRAÇÃO 1/4 POL;14/03/2024;14/03/2025;160192 - B ADM AP/5ª RM;10.00000;43.731.740/0001-00 - FRONT COMERCIAL LTDA;0.44;10.00000;https://contratos.sistema.gov.br/transparencia/compras/507141/itens/4996736/show;Pregão;00013;2023;160192;00013_2023_89;00013/2023;Registro de preços para aquisição futura de material de manutenção de bens imóveis (material de pintura predial e afins).;89;ABRAÇADEIRA;ABRAÇADEIRA, MATERIAL METAL GALVANIZADO, TIPO CLIPE, APLICAÇĂO FIXAÇĂO CABO DEAÇO, DIÂMETRO AMARRAÇĂO 1/4 POL;Unidade;2023;00013
160192 - Pregão | 00013/2023;90;356718 - CABO AÇO;CABO AÇO, TRATAMENTO SUPERFICIAL POLIDO, TIPO ALMA DE FIBRA, BITOLA 1/8 POL, APLICAÇÃO MANOBRA DE PESO, CARACTERÍSTICAS ADICIONAIS CLASSIFICAÇÃO 6 X 37, FLEXÍVEL, PRÉ FORMADO;14/03/2024;14/03/2025;160192 - B ADM AP/5ª RM;1.00000;48.836.857/0001-72 - CABOS DE ACO BRASIL COMERCIO E INDUSTRIA LTDA;149.99;1.00000;https://contratos.sistema.gov.br/transparencia/compras/507141/itens/4996737/show;Pregão;00013;2023;160192;00013_2023_90;00013/2023;Registro de preços para aquisição futura de material de manutenção de bens imóveis (material de pintura predial e afins).;90;CABO AÇO;CABO AÇO, TRATAMENTO SUPERFICIAL POLIDO, TIPO ALMA DE FIBRA, BITOLA 1/8 POL,  APLICAÇĂO MANOBRA DE PESO, CARACTERÍSTICAS ADICIONAIS CLASSIFICAÇĂO 6 X 37,   FLEXÍVEL, PRÉ FORMADO;Unidade;2023;00013
160192 - Pregão | 00013/2023;91;260622 - PRENDEDOR PORTA;PRENDEDOR PORTA, MATERIAL AÇO, TIPO PINO FIXADO NO PISO, TIPO TRAVA FIXADA NA PORTA;14/03/2024;14/03/2025;160192 - B ADM AP/5ª RM;8.00000;43.230.332/0001-75 - XPREV SOLUCOES EM PREVENCAO LTDA;9.50;8.00000;https://contratos.sistema.gov.br/transparencia/compras/507141/itens/4996738/show;Pregão;00013;2023;160192;00013_2023_91;00013/2023;Registro de preços para aquisição futura de material de manutenção de bens imóveis (material de pintura predial e afins).;91;PRENDEDOR PORTA;PRENDEDOR PORTA, MATERIAL AÇO, TIPO PINO FIXADO NO PISO, TIPO TRAVA FIXADA NA PORTA;Unidade;2023;00013
160192 - Pregão | 00013/2023;92;376986 - PLACA CONCRETO;PLACA CONCRETO, TIPO CIMENTÍCIA, COMPOSIÇÃO CIMENTO, AGREGADOS NATURAIS, CELULOSE E FIOS SINT É, COMPRIMENTO 2,40 M, LARGURA 1,20 M, ESPESSURA 8 MM, APLICAÇÃO MATERIAL DE CONSTRUÇÃO;28/03/2024;28/03/2025;160192 - B ADM AP/5ª RM;10.00000;31.666.544/0001-10 - AGUA DOCE MATERIAIS DE CONSTRUCAO LTDA;125.00;10.00000;https://contratos.sistema.gov.br/transparencia/compras/507141/itens/4996739/show;Pregão;00013;2023;160192;00013_2023_92;00013/2023;Registro de preços para aquisição futura de material de manutenção de bens imóveis (material de pintura predial e afins).;92;PLACA CONCRETO;PLACA CONCRETO, TIPO CIMENTÍCIA, COMPOSIÇĂO CIMENTO, AGREGADOS NATURAIS,      CELULOSE E FIOS SINT É, COMPRIMENTO 2,40 M, LARGURA 1,20 M, ESPESSURA 8 MM,   APLICAÇĂO MATERIAL DE CONSTRUÇĂO;Unidade;2023;00013
160192 - Pregão | 00013/2023;93;481544 - PLACA CONCRETO;PLACA CONCRETO, TIPO CIMENTÍCIA, COMPOSIÇÃO CIMENTO, AGREGADOS NATURAIS, CELULOSE E FIOS SINT É, COMPRIMENTO 3 M, LARGURA 1,20 M, ESPESSURA 10 MM, ALTURA 3 M, APLICAÇÃO CONSTRUÇÃO CIVIL, CARACTERÍSTICAS ADICIONAIS BORDAS ÍNTEGRAS E ASPECTO HOMOGÊNEO;28/03/2024;28/03/2025;160192 - B ADM AP/5ª RM;10.00000;15.292.367/0001-01 - RR ANDRADE DISTRIBUIDORA LTDA.;132.00;10.00000;https://contratos.sistema.gov.br/transparencia/compras/507141/itens/4996740/show;Pregão;00013;2023;160192;00013_2023_93;00013/2023;Registro de preços para aquisição futura de material de manutenção de bens imóveis (material de pintura predial e afins).;93;PLACA CONCRETO;PLACA CONCRETO, TIPO CIMENTÍCIA, COMPOSIÇĂO CIMENTO, AGREGADOS NATURAIS,      CELULOSE E FIOS SINT É, COMPRIMENTO 3 M, LARGURA 1,20 M, ESPESSURA 10 MM,     ALTURA 3 M, APLICAÇĂO CONSTRUÇĂO CIVIL, CARACTERÍSTICAS ADICIONAIS BORDAS     ÍNTEGRAS E ASPECTO HOMOGĘNEO;Unidade;2023;00013
160192 - Pregão | 00013/2023;94;483481 - PLACA DE GESSO ACARTONADO;PLACA DE GESSO ACARTONADO, COMPRIMENTO 2,400 MM, LARGURA 1,200 MM, ESPESSURA 12,5 MM, CARACTERÍSTICAS ADICIONAIS ANTI-CHAMA, ROSA;28/03/2024;28/03/2025;160192 - B ADM AP/5ª RM;10.00000;15.292.367/0001-01 - RR ANDRADE DISTRIBUIDORA LTDA.;55.00;10.00000;https://contratos.sistema.gov.br/transparencia/compras/507141/itens/5007881/show;Pregão;00013;2023;160192;00013_2023_94;00013/2023;Registro de preços para aquisição futura de material de manutenção de bens imóveis (material de pintura predial e afins).;94;PLACA DE GESSO ACARTONADO;PLACA DE GESSO ACARTONADO, COMPRIMENTO 2,400 MM, LARGURA 1,200 MM, ESPESSURA  12,5 MM, CARACTERÍSTICAS ADICIONAIS ANTI-CHAMA, ROSA;Unidade;2023;00013
160192 - Pregão | 00013/2023;95;302011 - SUPORTE PRATELEIRA;SUPORTE PRATELEIRA, MATERIAL FERRO FUNDIDO, TAMANHO 20 X 25 MM, COR BRANCA, CARACTERÍSTICAS ADICIONAIS COM PARAFUSO E MÃO-FRANCESA;14/03/2024;14/03/2025;160192 - B ADM AP/5ª RM;6.00000;92.533.611/0001-13 - GUSEN COMERCIO DE AUTO PECAS LTDA;3.95;6.00000;https://contratos.sistema.gov.br/transparencia/compras/507141/itens/4996741/show;Pregão;00013;2023;160192;00013_2023_95;00013/2023;Registro de preços para aquisição futura de material de manutenção de bens imóveis (material de pintura predial e afins).;95;SUPORTE PRATELEIRA;SUPORTE PRATELEIRA, MATERIAL FERRO FUNDIDO, TAMANHO 20 X 25 MM, COR BRANCA,   CARACTERÍSTICAS ADICIONAIS COM PARAFUSO E MĂO-FRANCESA;Unidade;2023;00013
160192 - Pregão | 00013/2023;96;287042 - LAJOTA;LAJOTA, MATERIAL CONCRETO;14/03/2024;14/03/2025;160192 - B ADM AP/5ª RM;30.00000;42.371.904/0001-73 - DIMITRY SOLUCOES LTDA;41.90;30.00000;https://contratos.sistema.gov.br/transparencia/compras/507141/itens/4996742/show;Pregão;00013;2023;160192;00013_2023_96;00013/2023;Registro de preços para aquisição futura de material de manutenção de bens imóveis (material de pintura predial e afins).;96;LAJOTA;LAJOTA, MATERIAL CONCRETO;Metro quadrado;2023;00013
160192 - Pregão | 00013/2023;97;223504 - MASSA CORRIDA;MASSA CORRIDA, MÉTODO APLICAÇÃO COM ESPÁTULA E DESEMPENADEIRA, TEMPO SECAGEM 3 H, COMPOSIÇÃO BÁSICA PVA- POLICLORETO DE VINILA, SOLUBILIDADE ÁGUA, APLICAÇÃO IMPERFEIÇÃO SUPERFÍCIE INTERNA PARA PINTURA;14/03/2024;14/03/2025;160192 - B ADM AP/5ª RM;10.00000;51.997.965/0001-31 - SSP COMERCIAL DIAMANTE LTDA;39.00;0.00000;https://contratos.sistema.gov.br/transparencia/compras/507141/itens/4996743/show;Pregão;00013;2023;160192;00013_2023_97;00013/2023;Registro de preços para aquisição futura de material de manutenção de bens imóveis (material de pintura predial e afins).;97;MASSA CORRIDA;MASSA CORRIDA, MÉTODO APLICAÇĂO COM ESPÁTULA E DESEMPENADEIRA, TEMPO SECAGEM 3H, COMPOSIÇĂO BÁSICA PVA- POLICLORETO DE VINILA, SOLUBILIDADE ÁGUA, APLICAÇĂO IMPERFEIÇĂO SUPERFÍCIE INTERNA PARA PINTURA;Lata 18,00 L;2023;00013
160192 - Pregão | 00013/2023;98;238514 - MASSA PLÁSTICA;MASSA PLÁSTICA, COMPOSIÇÃO BÁSICA ÓXIDO DE FERRO, ÓXIDO DE ZINCO, SILICATO MAGNÉSIO, CARACTERÍSTICAS ADICIONAIS COM CATALISADOR, APLICAÇÃO VEDAÇÃO/ COLAGEM DE CERÂMICAS;28/03/2024;28/03/2025;160192 - B ADM AP/5ª RM;5.00000;31.666.544/0001-10 - AGUA DOCE MATERIAIS DE CONSTRUCAO LTDA;13.00;5.00000;https://contratos.sistema.gov.br/transparencia/compras/507141/itens/4996744/show;Pregão;00013;2023;160192;00013_2023_98;00013/2023;Registro de preços para aquisição futura de material de manutenção de bens imóveis (material de pintura predial e afins).;98;MASSA PLÁSTICA;MASSA PLÁSTICA, COMPOSIÇĂO BÁSICA ÓXIDO DE FERRO, ÓXIDO DE ZINCO, SILICATO    MAGNÉSIO, CARACTERÍSTICAS ADICIONAIS COM CATALISADOR, APLICAÇĂO VEDAÇĂO/      COLAGEM DE CERÂMICAS;Unidade;2023;00013
160192 - Pregão | 00013/2023;101;604867 - GESSO;GESSO, ORIGEM MINERAL, TIPO GESSO COLA, ASPECTO FÍSICO PÓ, COR BRANCO, APLICAÇÃO CONSTRUÇÃO CIVIL;28/03/2024;28/03/2025;160192 - B ADM AP/5ª RM;5.00000;15.292.367/0001-01 - RR ANDRADE DISTRIBUIDORA LTDA.;3.47;5.00000;https://contratos.sistema.gov.br/transparencia/compras/507141/itens/4996746/show;Pregão;00013;2023;160192;00013_2023_101;;;;;;;;
160192 - Pregão | 00013/2023;102;460521 - FORRO TETO;FORRO TETO, MATERIAL PVC, ESPESSURA 200 MM, CARACTERÍSTICAS ADICIONAIS COM ESTRUTURA METALICA E TODO MATERIAL DE FIXAÇÃO;14/03/2024;14/03/2025;160192 - B ADM AP/5ª RM;80.00000;01.952.684/0001-94 - G3 REVESTIMENTOS E ACABAMENTOS PARA CONSTRUCAO CIVIL L;18.90;80.00000;https://contratos.sistema.gov.br/transparencia/compras/507141/itens/4996747/show;Pregão;00013;2023;160192;00013_2023_102;;;;;;;;
160192 - Pregão | 00013/2023;103;444657 - MOLDURA TETO;MOLDURA TETO, MATERIAL PVC, LARGURA 10 CM, ALTURA 0,80 CM, COMPRIMENTO 6 M;14/03/2024;14/03/2025;160192 - B ADM AP/5ª RM;60.00000;18.955.309/0001-09 - GLOBAL IMPORTADORA E COMERCIO LTDA;17.00;60.00000;https://contratos.sistema.gov.br/transparencia/compras/507141/itens/4996748/show;Pregão;00013;2023;160192;00013_2023_103;;;;;;;;
160192 - Pregão | 00013/2023;104;442015 - PARAFUSO;PARAFUSO, MATERIAL AÇO ZINCADO, TIPO AUTO BROCANTE, COMPRIMENTO 19 MM, DIÂMETRO 4,20 MM, CARACTERÍSTICAS ADICIONAIS CABEÇA DE PANELA PHILIPS;28/03/2024;28/03/2025;160192 - B ADM AP/5ª RM;5.00000;31.666.544/0001-10 - AGUA DOCE MATERIAIS DE CONSTRUCAO LTDA;7.97;5.00000;https://contratos.sistema.gov.br/transparencia/compras/507141/itens/4996749/show;Pregão;00013;2023;160192;00013_2023_104;;;;;;;;
160192 - Pregão | 00013/2023;106;252331 - CARRINHO MÃO;CARRINHO MÃO, MATERIAL CAÇAMBA CHAPA AÇO, MATERIAL CHASSI TUDO AÇO COM LUVA PARA PROTEÇÃO DAS MÃOS, MATERIAL PÉS CHAPA AÇO REPUXADA, MATERIAL TRAVESSA CHAPA AÇO, TIPO TRAVESSA SUPORTE DIANTEIRO CAÇAMBA, MATERIAL EIXO AÇO, MATERIAL ARRUELA FIXAÇÃO AÇO, MATERIAL BRAÇADEIRA AÇO, QUANTIDADE RODA 1, TIPO RODA PNEU MACIÇO;28/03/2024;28/03/2025;160192 - B ADM AP/5ª RM;2.00000;31.666.544/0001-10 - AGUA DOCE MATERIAIS DE CONSTRUCAO LTDA;278.99;2.00000;https://contratos.sistema.gov.br/transparencia/compras/507141/itens/4996751/show;Pregão;00013;2023;160192;00013_2023_106;;;;;;;;
160192 - Pregão | 00013/2023;107;441609 - COLHER PEDREIRO;COLHER PEDREIRO, MATERIAL AÇO CARBONO, TAMANHO 8 POL, MATERIAL CABO MADEIRA ENVERNIZADA, CARACTERÍSTICAS ADICIONAIS RETA- INTEIRIÇA;14/03/2024;14/03/2025;160192 - B ADM AP/5ª RM;5.00000;50.505.812/0001-67 - PSA COMERCIO DE MATERIAIS DE CONSTRUCAO LTDA;7.00;5.00000;https://contratos.sistema.gov.br/transparencia/compras/507141/itens/4996752/show;Pregão;00013;2023;160192;00013_2023_107;;;;;;;;
160192 - Pregão | 00013/2023;108;370529 - ESCADA FIBRA VIDRO;ESCADA FIBRA VIDRO, ALTURA 2,60 M, QUANTIDADE DEGRAUS 8 UN, CARACTERÍSTICAS ADICIONAIS TIPO TESOURA, DUPLO ACESSO, PÉS ANTIDERRAPANTES, CAPACIDADE 110 KG;14/03/2024;14/03/2025;160192 - B ADM AP/5ª RM;1.00000;46.895.270/0001-09 - ZAPPE COMERCIO E DISTRIBUICAO LTDA;542.16;1.00000;https://contratos.sistema.gov.br/transparencia/compras/507141/itens/4996753/show;Pregão;00013;2023;160192;00013_2023_108;;;;;;;;
160192 - Pregão | 00013/2023;109;395521 - ESCADA;ESCADA, MATERIAL ALUMÍNIO, TIPO ARTICULADA MULTIFUNCIONAL, QUANTIDADE DEGRAUS 12 UN, CARACTERÍSTICAS ADICIONAIS SAPATAS EMBORRACHADAS, TRAVAS AUTOMÁTICAS NAS CAT R, CAPACIDADE 120 KG, POSIÇÕES 8 UN;14/03/2024;14/03/2025;160192 - B ADM AP/5ª RM;1.00000;08.658.622/0001-13 - J. J. VITALLI;512.82;0.00000;https://contratos.sistema.gov.br/transparencia/compras/507141/itens/4996754/show;Pregão;00013;2023;160192;00013_2023_109;;;;;;;;
160192 - Pregão | 00013/2023;112;342341 - BROCA WÍDIA;BROCA WÍDIA, MATERIAL CORPO AÇO, DIÂMETRO 6 MM, COMPRIMENTO 210 MM, CARACTERÍSTICAS ADICIONAIS ENCAIXE TIPO SDS PLUS;14/03/2024;14/03/2025;160192 - B ADM AP/5ª RM;5.00000;36.986.531/0001-42 - LICITAR COMERCIO E DISTRIBUICAO DE MATERIAIS ELETRICOS, HIDRAULICOS LTDA;4.98;5.00000;https://contratos.sistema.gov.br/transparencia/compras/507141/itens/4996757/show;Pregão;00013;2023;160192;00013_2023_112;;;;;;;;
160192 - Pregão | 00013/2023;113;288439 - BROCA;BROCA, MATERIAL AÇO RÁPIDO, DIÂMETRO 8 MM, COMPRIMENTO 260 MM, APLICAÇÃO MARTELETE/CONCRETO, CARACTERÍSTICAS ADICIONAIS TIPO ENCAIXE SDS;14/03/2024;14/03/2025;160192 - B ADM AP/5ª RM;5.00000;36.986.531/0001-42 - LICITAR COMERCIO E DISTRIBUICAO DE MATERIAIS ELETRICOS, HIDRAULICOS LTDA;5.21;5.00000;https://contratos.sistema.gov.br/transparencia/compras/507141/itens/4996758/show;Pregão;00013;2023;160192;00013_2023_113;;;;;;;;
160192 - Pregão | 00013/2023;114;342482 - BROCA WÍDIA;BROCA WÍDIA, MATERIAL CORPO AÇO, DIÂMETRO 10 MM, COMPRIMENTO 260 MM, CARACTERÍSTICAS ADICIONAIS ENCAIXE TIPO SDS PLUS, APLICAÇÃO PERFURAÇÃO DE CONCRETO;14/03/2024;14/03/2025;160192 - B ADM AP/5ª RM;5.00000;50.505.812/0001-67 - PSA COMERCIO DE MATERIAIS DE CONSTRUCAO LTDA;6.15;5.00000;https://contratos.sistema.gov.br/transparencia/compras/507141/itens/4996759/show;Pregão;00013;2023;160192;00013_2023_114;;;;;;;;
160192 - Pregão | 00013/2023;115;353425 - BROCA;BROCA, MATERIAL AÇO RÁPIDO, DIÂMETRO 12 MM, COMPRIMENTO 260 MM, APLICAÇÃO CONCRETO, CARACTERÍSTICAS ADICIONAIS TIPO ENCAIXE SDS;14/03/2024;14/03/2025;160192 - B ADM AP/5ª RM;5.00000;36.986.531/0001-42 - LICITAR COMERCIO E DISTRIBUICAO DE MATERIAIS ELETRICOS, HIDRAULICOS LTDA;5.00;5.00000;https://contratos.sistema.gov.br/transparencia/compras/507141/itens/4996760/show;Pregão;00013;2023;160192;00013_2023_115;;;;;;;;
160192 - Pregão | 00013/2023;116;214238 - TALHADEIRA;TALHADEIRA, MATERIAL AÇO, TIPO OCTOGONAL, COMPRIMENTO TOTAL 250 MM, COMPRIMENTO PONTA 20 MM, PESO 0,50 KG, ACABAMENTO SUPERFICIAL PINTADO, COR COBRE, CARACTERÍSTICAS ADICIONAIS COM APUNHADURA;14/03/2024;14/03/2025;160192 - B ADM AP/5ª RM;5.00000;50.505.812/0001-67 - PSA COMERCIO DE MATERIAIS DE CONSTRUCAO LTDA;8.60;5.00000;https://contratos.sistema.gov.br/transparencia/compras/507141/itens/4996761/show;Pregão;00013;2023;160192;00013_2023_116;;;;;;;;
160192 - Pregão | 00013/2023;117;271517 - PONTEIRA;PONTEIRA, MATERIAL AÇO, COMPRIMENTO 10 POL, APLICAÇÃO PEDREIRO;14/03/2024;14/03/2025;160192 - B ADM AP/5ª RM;5.00000;36.986.531/0001-42 - LICITAR COMERCIO E DISTRIBUICAO DE MATERIAIS ELETRICOS, HIDRAULICOS LTDA;9.86;5.00000;https://contratos.sistema.gov.br/transparencia/compras/507141/itens/4996762/show;Pregão;00013;2023;160192;00013_2023_117;;;;;;;;
160192 - Pregão | 00013/2023;118;316333 - LÁPIS;LÁPIS, TIPO CARPINTEIRO, COR PRETA;14/03/2024;14/03/2025;160192 - B ADM AP/5ª RM;20.00000;36.986.531/0001-42 - LICITAR COMERCIO E DISTRIBUICAO DE MATERIAIS ELETRICOS, HIDRAULICOS LTDA;0.73;20.00000;https://contratos.sistema.gov.br/transparencia/compras/507141/itens/4996763/show;Pregão;00013;2023;160192;00013_2023_118;;;;;;;;
160192 - Pregão | 00013/2023;119;438793 - DISCO CORTE;DISCO CORTE, MATERIAL AÇO DIAMANTADO, DIÂMETRO 110 MM, DIÂMETRO FURO 20 MM, APLICAÇÃO MÁRMORE/CERÂMICA/PEDRA/GRANITO, CARACTERÍSTICAS ADICIONAIS CORTE A SECO;14/03/2024;14/03/2025;160192 - B ADM AP/5ª RM;10.00000;35.236.131/0001-57 - GGV COMERCIAL LTDA;6.67;10.00000;https://contratos.sistema.gov.br/transparencia/compras/507141/itens/4996764/show;Pregão;00013;2023;160192;00013_2023_119;;;;;;;;
160192 - Pregão | 00013/2023;120;262706 - LINHA PEDREIRO;LINHA PEDREIRO, TIPO TRANÇADA, TAMANHO 100 M;14/03/2024;14/03/2025;160192 - B ADM AP/5ª RM;5.00000;43.098.231/0001-92 - FORTZ COMERCIO DE MATERIAIS ELETRICOS LTDA;3.78;5.00000;https://contratos.sistema.gov.br/transparencia/compras/507141/itens/4996765/show;Pregão;00013;2023;160192;00013_2023_120;;;;;;;;
160192 - Pregão | 00013/2023;121;442744 - PNEU CARRINHO MÃO;PNEU CARRINHO MÃO, MATERIAL BORRACHA, TAMANHO 350 X 8, CARACTERÍSTICAS ADICIONAIS COM CÂMARA AR, ARO REFORÇADO;14/03/2024;14/03/2025;160192 - B ADM AP/5ª RM;10.00000;36.986.531/0001-42 - LICITAR COMERCIO E DISTRIBUICAO DE MATERIAIS ELETRICOS, HIDRAULICOS LTDA;22.90;10.00000;https://contratos.sistema.gov.br/transparencia/compras/507141/itens/4996766/show;Pregão;00013;2023;160192;00013_2023_121;;;;;;;;
160192 - Pregão | 00013/2023;122;251053 - CÂMARA AR PNEU;CÂMARA AR PNEU, MATERIAL BORRACHA, APLICAÇÃO TIPO PNEU CARRO DE MÃO, TAMANHO ARO 3,25 X 8, CARACTERÍSTICAS ADICIONAIS BICO REVESTIDO DE BORRACHA;14/03/2024;14/03/2025;160192 - B ADM AP/5ª RM;10.00000;08.658.622/0001-13 - J. J. VITALLI;9.52;10.00000;https://contratos.sistema.gov.br/transparencia/compras/507141/itens/4996767/show;Pregão;00013;2023;160192;00013_2023_122;;;;;;;;
160192 - Pregão | 00013/2023;123;373514 - RÉGUA PEDREIRO;RÉGUA PEDREIRO, MATERIAL ALUMÍNIO, COMPRIMENTO 3 M;14/03/2024;14/03/2025;160192 - B ADM AP/5ª RM;2.00000;43.098.231/0001-92 - FORTZ COMERCIO DE MATERIAIS ELETRICOS LTDA;34.90;2.00000;https://contratos.sistema.gov.br/transparencia/compras/507141/itens/4996768/show;Pregão;00013;2023;160192;00013_2023_123;;;;;;;;
160192 - Pregão | 00013/2023;125;251611 - TALHADEIRA;TALHADEIRA, MATERIAL AÇO, TIPO CHATO, COMPRIMENTO TOTAL 12 POL, PESO 0,90 KG, APLICAÇÃO PEDREIRO, ACABAMENTO SUPERFICIAL PINTADO, CARACTERÍSTICAS ADICIONAIS COM APUNHADURA;14/03/2024;14/03/2025;160192 - B ADM AP/5ª RM;2.00000;35.236.131/0001-57 - GGV COMERCIAL LTDA;11.11;2.00000;https://contratos.sistema.gov.br/transparencia/compras/507141/itens/4996770/show;Pregão;00013;2023;160192;00013_2023_125;;;;;;;;
160192 - Pregão | 00013/2023;126;271516 - PONTEIRA;PONTEIRA, MATERIAL AÇO, COMPRIMENTO 12 POL, APLICAÇÃO PEDREIRO;14/03/2024;14/03/2025;160192 - B ADM AP/5ª RM;2.00000;14.968.227/0001-30 - FERGAVI COMERCIAL LTDA;18.59;2.00000;https://contratos.sistema.gov.br/transparencia/compras/507141/itens/4996771/show;Pregão;00013;2023;160192;00013_2023_126;;;;;;;;
160192 - Pregão | 00013/2023;127;217675 - ESQUADRO;ESQUADRO, TIPO FIXO, MATERIAL RÉGUA AÇO, MATERIAL CABO PLÁSTICO, COMPRIMENTO RÉGUA 12 POL, TIPO GRADUAÇÃO DUPLA, TIPO SISTEMA MEDIÇÃO DECIMAL, ESCALA GRADUAÇÃO 1 MM E 0,50 MM, APLICAÇÃO CARPINTARIA;14/03/2024;14/03/2025;160192 - B ADM AP/5ª RM;2.00000;50.505.812/0001-67 - PSA COMERCIO DE MATERIAIS DE CONSTRUCAO LTDA;6.90;2.00000;https://contratos.sistema.gov.br/transparencia/compras/507141/itens/4996772/show;Pregão;00013;2023;160192;00013_2023_127;;;;;;;;
160192 - Pregão | 00013/2023;128;441625 - PRUMO;PRUMO, MATERIAL AÇO, CARACTERÍSTICAS ADICIONAIS CORDÃO NYLON E CALÇO GUIA MADEIRA, APLICAÇÃO VERIFICAÇÃO PRUMO DE PAREDE, PESO 700 G;14/03/2024;14/03/2025;160192 - B ADM AP/5ª RM;2.00000;36.986.531/0001-42 - LICITAR COMERCIO E DISTRIBUICAO DE MATERIAIS ELETRICOS, HIDRAULICOS LTDA;8.19;2.00000;https://contratos.sistema.gov.br/transparencia/compras/507141/itens/4996773/show;Pregão;00013;2023;160192;00013_2023_128;;;;;;;;
160192 - Pregão | 00013/2023;129;217696 - NÍVEL BOLHA;NÍVEL BOLHA, MATERIAL CORPO ALUMÍNIO, TIPO BOLHA RETIFICADA, COMPRIMENTO 600 MM, QUANTIDADE POSIÇÃO BOLHA 2 DE PRUMO/1 DE NÍVEL/1 DE 45°;28/03/2024;28/03/2025;160192 - B ADM AP/5ª RM;2.00000;15.292.367/0001-01 - RR ANDRADE DISTRIBUIDORA LTDA.;15.00;0.00000;https://contratos.sistema.gov.br/transparencia/compras/507141/itens/4996774/show;Pregão;00013;2023;160192;00013_2023_129;;;;;;;;
160192 - Pregão | 00013/2023;130;241760 - MASSA DE FIXAR VIDRO;MASSA DE FIXAR VIDRO, COMPOSIÇÃO BÁSICA ÓLEO DE LINHAÇA E GESSO, APLICAÇÃO VEDAÇÃO E COLOCAÇÃO DE VIDROS;14/03/2024;14/03/2025;160192 - B ADM AP/5ª RM;10.00000;03.744.301/0001-18 - ABREU, MARTINS & CIA LTDA;14.49;5.00000;https://contratos.sistema.gov.br/transparencia/compras/507141/itens/4996775/show;Pregão;00013;2023;160192;00013_2023_130;;;;;;;;
160192 - Pregão | 00013/2023;131;442680 - CHAPA DE VIDRO;CHAPA DE VIDRO, MATERIAL VIDRO, COR INCOLOR, ESPESSURA 4 MM, CARACTERÍSTICAS ADICIONAIS CANELADO;28/03/2024;28/03/2025;160192 - B ADM AP/5ª RM;5.00000;15.292.367/0001-01 - RR ANDRADE DISTRIBUIDORA LTDA.;137.00;0.00000;https://contratos.sistema.gov.br/transparencia/compras/507141/itens/4996776/show;Pregão;00013;2023;160192;00013_2023_131;;;;;;;;
160192 - Pregão | 00013/2023;132;254262 - CHAPA DE VIDRO;CHAPA DE VIDRO, MATERIAL VIDRO, COR INCOLOR, ESPESSURA 4 MM, CARACTERÍSTICAS ADICIONAIS CRISTAL LISO;28/03/2024;28/03/2025;160192 - B ADM AP/5ª RM;20.00000;15.292.367/0001-01 - RR ANDRADE DISTRIBUIDORA LTDA.;142.99;15.00000;https://contratos.sistema.gov.br/transparencia/compras/507141/itens/4996777/show;Pregão;00013;2023;160192;00013_2023_132;;;;;;;;
160192 - Pregão | 00013/2023;133;293631 - CORTADOR DE VIDRO;CORTADOR DE VIDRO, TIPO CANETA, COMPONENTES RESERVATÓRIO PARA QUEROSENE, MATERIAL PONTA DIAMANTE, FORMATO BASE TRAPÉZIO, DIÂMETRO 3/8 POL, COMPRIMENTO 19 CM;14/03/2024;14/03/2025;160192 - B ADM AP/5ª RM;3.00000;43.098.231/0001-92 - FORTZ COMERCIO DE MATERIAIS ELETRICOS LTDA;15.48;0.00000;https://contratos.sistema.gov.br/transparencia/compras/507141/itens/4996778/show;Pregão;00013;2023;160192;00013_2023_133;;;;;;;;
160192 - Pregão | 00013/2023;134;438794 - DISCO CORTE;DISCO CORTE, MATERIAL AÇO DIAMANTADO, DIÂMETRO 110 MM, DIÂMETRO FURO 20 MM, APLICAÇÃO MÁRMORE/CERÂMICA/PEDRA/GRANITO, CARACTERÍSTICAS ADICIONAIS CORTE ÚMIDO;14/03/2024;14/03/2025;160192 - B ADM AP/5ª RM;3.00000;43.731.740/0001-00 - FRONT COMERCIAL LTDA;7.77;3.00000;https://contratos.sistema.gov.br/transparencia/compras/507141/itens/4996779/show;Pregão;00013;2023;160192;00013_2023_134;;;;;;;;
160192 - Pregão | 00013/2023;135;483501 - REVESTIMENTO CERÂMICO;REVESTIMENTO CERÂMICO, PADRÃO VISUAL ESMALTADO, CLASSE ABRASÃO PEI 4, COR BRANCA, COMPRIMENTO 45 CM, LARGURA 45 CM;28/03/2024;28/03/2025;160192 - B ADM AP/5ª RM;40.00000;15.292.367/0001-01 - RR ANDRADE DISTRIBUIDORA LTDA.;24.00;0.00000;https://contratos.sistema.gov.br/transparencia/compras/507141/itens/4996780/show;Pregão;00013;2023;160192;00013_2023_135;;;;;;;;
160192 - Pregão | 00013/2023;136;292022 - FERRO CONSTRUÇÃO CIVIL;FERRO CONSTRUÇÃO CIVIL, TIPO CA-60, DIÂMETRO 4,2 MM;14/03/2024;14/03/2025;160192 - B ADM AP/5ª RM;12.00000;18.955.309/0001-09 - GLOBAL IMPORTADORA E COMERCIO LTDA;12.12;12.00000;https://contratos.sistema.gov.br/transparencia/compras/507141/itens/4996781/show;Pregão;00013;2023;160192;00013_2023_136;;;;;;;;
160192 - Pregão | 00013/2023;137;251607 - FERRO CONSTRUÇÃO CIVIL;FERRO CONSTRUÇÃO CIVIL, TIPO CA-50, DIÂMETRO 5/16 POL;28/03/2024;28/03/2025;160192 - B ADM AP/5ª RM;15.00000;31.666.544/0001-10 - AGUA DOCE MATERIAIS DE CONSTRUCAO LTDA;34.99;15.00000;https://contratos.sistema.gov.br/transparencia/compras/507141/itens/4996782/show;Pregão;00013;2023;160192;00013_2023_137;;;;;;;;
160192 - Pregão | 00013/2023;138;291567 - CABO AÇO;CABO AÇO, TRATAMENTO SUPERFICIAL GALVANIZADO, TIPO COM ALMA DE SISAL, BITOLA 3 16 POL;14/03/2024;14/03/2025;160192 - B ADM AP/5ª RM;2.00000;43.731.740/0001-00 - FRONT COMERCIAL LTDA;259.32;2.00000;https://contratos.sistema.gov.br/transparencia/compras/507141/itens/4996783/show;Pregão;00013;2023;160192;00013_2023_138;;;;;;;;
160192 - Pregão | 00013/2023;139;376677 - FORRO TETO;FORRO TETO, MATERIAL FIBRA MINERAL, COMPRIMENTO 1.250 MM, LARGURA 625 MM, ESPESSURA 16 MM, CARACTERÍSTICAS ADICIONAIS BORDA RETA, FINE FISSURED, TIPO PLACA, COR BRANCA;14/03/2024;14/03/2025;160192 - B ADM AP/5ª RM;90.00000;52.333.210/0001-03 - NOVAX DISTRIBUIDORA LTDA;43.02;90.00000;https://contratos.sistema.gov.br/transparencia/compras/507141/itens/4996784/show;Pregão;00013;2023;160192;00013_2023_139;;;;;;;;
160192 - Pregão | 00013/2023;141;224603 - PENEIRA;PENEIRA, MATERIAL AÇO, MATERIAL BORDA MADEIRA, FORMATO REDONDO, TIPO MALHA MÉDIA, DIÂMETRO 55 CM, APLICAÇÃO AREIA GROSSA/CAFÉ EM GRÃOS/AREIA MÉDIA/ FEIJÃO;14/03/2024;14/03/2025;160192 - B ADM AP/5ª RM;5.00000;43.731.740/0001-00 - FRONT COMERCIAL LTDA;24.65;5.00000;https://contratos.sistema.gov.br/transparencia/compras/507141/itens/4996786/show;Pregão;00013;2023;160192;00013_2023_141;;;;;;;;
160192 - Pregão | 00013/2023;142;376552 - DISCO CORTE;DISCO CORTE, MATERIAL ÓXIDO ALUMÍNIO, DIÂMETRO 114,30 MM, DIÂMETRO FURO 22,22 MM, CARACTERÍSTICAS ADICIONAIS REFORÇADO TELA FIBRA DE VIDRO, ESPESSURA 1 MM;14/03/2024;14/03/2025;160192 - B ADM AP/5ª RM;15.00000;08.658.622/0001-13 - J. J. VITALLI;1.22;15.00000;https://contratos.sistema.gov.br/transparencia/compras/507141/itens/4996787/show;Pregão;00013;2023;160192;00013_2023_142;;;;;;;;
160192 - Pregão | 00013/2023;143;306279 - CHUMBADOR ESPECIAL;CHUMBADOR ESPECIAL, MATERIAL FERRO GALVANIZADO, TIPO PARABOLT, DIÂMETRO ROSCA 1/4 POL, COMPRIMENTO PINO 3 1/4 POL, APLICAÇÃO SISTEMA DE SEGURANÇA, CARACTERÍSTICAS ADICIONAIS COM PORCA/ARRUELA, COMPRIMENTO ROSCA 18 MM;14/03/2024;14/03/2025;160192 - B ADM AP/5ª RM;10.00000;92.533.611/0001-13 - GUSEN COMERCIO DE AUTO PECAS LTDA;0.80;10.00000;https://contratos.sistema.gov.br/transparencia/compras/507141/itens/4996788/show;Pregão;00013;2023;160192;00013_2023_143;;;;;;;;
160192 - Pregão | 00013/2023;146;475835 - DISCO DESBASTE;DISCO DESBASTE, MATERIAL FIBRA DE VIDRO, ESPECIFICAÇÃO GRÃO 80, DIÂMETRO 4 1/ 2 POL, DIÂMETRO FURO 7/8 POL, VELOCIDADE MÁXIMA 13.300 RPM, CARACTERÍSTICA ADICIONAIS DESBATE TIPO FLAP;14/03/2024;14/03/2025;160192 - B ADM AP/5ª RM;10.00000;35.236.131/0001-57 - GGV COMERCIAL LTDA;3.21;10.00000;https://contratos.sistema.gov.br/transparencia/compras/507141/itens/4996791/show;Pregão;00013;2023;160192;00013_2023_146;;;;;;;;
160192 - Pregão | 00013/2023;147;416251 - LÂMINA SERRA MANUAL;LÂMINA SERRA MANUAL, MATERIAL AÇO FLEXÍVEL, QUANTIDADE DENTES 32 DENTES POR POLEGADA, LARGURA 12 MM, COMPRIMENTO 300 MM;14/03/2024;14/03/2025;160192 - B ADM AP/5ª RM;10.00000;35.236.131/0001-57 - GGV COMERCIAL LTDA;1.50;10.00000;https://contratos.sistema.gov.br/transparencia/compras/507141/itens/4996792/show;Pregão;00013;2023;160192;00013_2023_147;;;;;;;;
160192 - Pregão | 00013/2023;148;315173 - ARGAMASSA;ARGAMASSA, COMPOSIÇÃO CIMENTO, AGREGADOS MINERAIS E ADITIVOS, APLICAÇÃO ASSENTAMENTO DE CERÂMICA EM PAREDES E PISO, CARACTERÍSTICAS ADICIONAIS COLANTE DE USO EXTERNO, APRESENTAÇÃO PÓ, TIPO AC III, NORMAS TÉCNICAS NBR 14081;14/03/2024;14/03/2025;160192 - B ADM AP/5ª RM;10.00000;01.952.684/0001-94 - G3 REVESTIMENTOS E ACABAMENTOS PARA CONSTRUCAO CIVIL L;26.90;10.00000;https://contratos.sistema.gov.br/transparencia/compras/507141/itens/4996793/show;Pregão;00013;2023;160192;00013_2023_148;;;;;;;;
160192 - Pregão | 00013/2023;149;343113 - ESPAÇADOR;ESPAÇADOR, MATERIAL PLÁSTICO RÍGIDO, LARGURA 2 MM, APLICAÇÃO REVESTIMENTO CERÂMICO, TIPO FIXO;14/03/2024;14/03/2025;160192 - B ADM AP/5ª RM;5.00000;36.986.531/0001-42 - LICITAR COMERCIO E DISTRIBUICAO DE MATERIAIS ELETRICOS, HIDRAULICOS LTDA;7.44;0.00000;https://contratos.sistema.gov.br/transparencia/compras/507141/itens/4996794/show;Pregão;00013;2023;160192;00013_2023_149;;;;;;;;
160192 - Pregão | 00013/2023;150;447131 - CUNHA;CUNHA, MATERIAL PLÁSTICO, DIMENSÕES 23 MM, APLICAÇÃO REVESTIMENTO PORCELANATO;14/03/2024;14/03/2025;160192 - B ADM AP/5ª RM;2.00000;36.986.531/0001-42 - LICITAR COMERCIO E DISTRIBUICAO DE MATERIAIS ELETRICOS, HIDRAULICOS LTDA;12.63;0.00000;https://contratos.sistema.gov.br/transparencia/compras/507141/itens/4996795/show;Pregão;00013;2023;160192;00013_2023_150;;;;;;;;
160192 - Pregão | 00013/2023;151;393797 - ARGAMASSA;ARGAMASSA, COMPOSIÇÃO CIMENTO, CALCÁRIO E ADITIVOS, COR CINZA CLARO, TIPO REJUNTE;14/03/2024;14/03/2025;160192 - B ADM AP/5ª RM;30.00000;01.952.684/0001-94 - G3 REVESTIMENTOS E ACABAMENTOS PARA CONSTRUCAO CIVIL L;3.40;30.00000;https://contratos.sistema.gov.br/transparencia/compras/507141/itens/4996796/show;Pregão;00013;2023;160192;00013_2023_151;;;;;;;;
160192 - Pregão | 00013/2023;152;444564 - REVESTIMENTO CERÂMICO;REVESTIMENTO CERÂMICO, PADRÃO VISUAL BRILHANTE, CLASSE ABRASÃO PEI 3, COR BRANCA, COMPRIMENTO 60 CM, LARGURA 30 CM;14/03/2024;14/03/2025;160192 - B ADM AP/5ª RM;80.00000;46.006.622/0001-28 - DUTRA COMERCIO E SERVICOS LTDA.;26.88;80.00000;https://contratos.sistema.gov.br/transparencia/compras/507141/itens/4996797/show;Pregão;00013;2023;160192;00013_2023_152;;;;;;;;
160192 - Pregão | 00013/2023;153;444389 - REVESTIMENTO PISO;REVESTIMENTO PISO, MATERIAL PORCELANATO, APLICAÇÃO PISOS EM GERAL, LARGURA 60 CM, COMPRIMENTO 60 CM, TIPO RETIFICADO;14/03/2024;14/03/2025;160192 - B ADM AP/5ª RM;60.00000;45.309.056/0001-60 - SILVA DISTRIBUIDORA E FERRAGISTA LTDA;31.47;60.00000;https://contratos.sistema.gov.br/transparencia/compras/507141/itens/4996798/show;Pregão;00013;2023;160192;00013_2023_153;;;;;;;;
160214 - Pregão | 00002/2023;1;429924 - AGUARRÁS;AGUARRÁS, APLICAÇÃO SOLVENTE DE TINTA, COMPOSIÇÃO 100% DESTILADO DE PETRÓLEO, CARACTERÍSTICAS ADICIONAIS ORIGEM MINERAL, SEM BENZENO, ÁLCOOL OU QUEROZENE;-;-;160214 - 5 CIA COM BLD;5.00000;31.174.772/0001-73 - BIANCA TEIXEIRA;10.40;5.00000;https://contratos.sistema.gov.br/transparencia/compras/444947/itens/4422940/show;Pregão;00002;2023;160214;00002_2023_1;00002/2023;Aquisição de materiais de construção em geral, para Base de Administração e apoio da 5ª Região Militar, unidades apoiadas e membros do GCALC, conforme OS 01/2023-GCALC, de 05 de junho de 2023.;1;AGUARRÁS;AGUARRÁS, APLICAÇĂO SOLVENTE DE TINTA, COMPOSIÇĂO 100% DESTILADO DE PETRÓLEO, CARACTERÍSTICAS ADICIONAIS ORIGEM MINERAL, SEM BENZENO, ÁLCOOL OU QUEROZENE;Lata 900,00 ML;2023;00002
160214 - Pregão | 00002/2023;2;462374 - BANDEJA PINTURA;BANDEJA PINTURA, MATERIAL PLÁSTICO, COMPRIMENTO 34,50 CM, LARGURA 26 CM, CARACTERÍSTICAS ADICIONAIS COM ESCORREDOR DE TINTA E ALÇA METÁLICA, CAPACIDADE MÍNIMA 10 L, TIPO BALDE/ CAÇAMBA, FORMATO RETANGULAR;-;-;160214 - 5 CIA COM BLD;5.00000;49.834.027/0001-79 - AGREGA DISTRIBUIDORA LTDA;16.08;5.00000;https://contratos.sistema.gov.br/transparencia/compras/444947/itens/4431243/show;Pregão;00002;2023;160214;00002_2023_2;00002/2023;Aquisição de materiais de construção em geral, para Base de Administração e apoio da 5ª Região Militar, unidades apoiadas e membros do GCALC, conforme OS 01/2023-GCALC, de 05 de junho de 2023.;2;BANDEJA PINTURA;BANDEJA PINTURA, MATERIAL PLÁSTICO, COMPRIMENTO 34,50 CM, LARGURA 26 CM,      CARACTERÍSTICAS ADICIONAIS COM ESCORREDOR DE TINTA E ALÇA METÁLICA, CAPACIDADEMÍNIMA 10 L, TIPO BALDE/ CAÇAMBA, FORMATO RETANGULAR;Unidade;2023;00002
160214 - Pregão | 00002/2023;4;465868 - BROXA PINTURA;BROXA PINTURA, MATERIAL BASE PLÁSTICO, MATERIAL CABO PLÁSTICO, MATERIAL CERDAS NYLON, FORMATO REDONDO, APLICAÇÃO PINTURA E CAIAÇÃO, BITOLA 75 MM, COMPRIMENTO 25 CM;-;-;160214 - 5 CIA COM BLD;8.00000;43.892.634/0001-09 - BRAVE DISTRIBUIDORA LTDA;3.85;8.00000;https://contratos.sistema.gov.br/transparencia/compras/444947/itens/4422941/show;Pregão;00002;2023;160214;00002_2023_4;00002/2023;Aquisição de materiais de construção em geral, para Base de Administração e apoio da 5ª Região Militar, unidades apoiadas e membros do GCALC, conforme OS 01/2023-GCALC, de 05 de junho de 2023.;4;BROXA PINTURA;BROXA PINTURA, MATERIAL BASE PLÁSTICO, MATERIAL CABO PLÁSTICO, MATERIAL CERDASNYLON, FORMATO REDONDO, APLICAÇĂO PINTURA E CAIAÇĂO, BITOLA 75 MM, COMPRIMENTO25 CM;Unidade;2023;00002
160214 - Pregão | 00002/2023;6;292434 - CABO ROLO DE PINTURA;CABO ROLO DE PINTURA, TAMANHO 23 CM, MATERIAL AÇO ZINCADO, CARACTERÍSTICAS ADICIONAIS COM BUCHAS;-;-;160214 - 5 CIA COM BLD;5.00000;43.892.634/0001-09 - BRAVE DISTRIBUIDORA LTDA;3.54;5.00000;https://contratos.sistema.gov.br/transparencia/compras/444947/itens/4422942/show;Pregão;00002;2023;160214;00002_2023_6;00002/2023;Aquisição de materiais de construção em geral, para Base de Administração e apoio da 5ª Região Militar, unidades apoiadas e membros do GCALC, conforme OS 01/2023-GCALC, de 05 de junho de 2023.;6;CABO ROLO DE PINTURA;CABO ROLO DE PINTURA, TAMANHO 23 CM, MATERIAL AÇO ZINCADO, CARACTERÍSTICAS    ADICIONAIS COM BUCHAS;Unidade;2023;00002
160214 - Pregão | 00002/2023;9;295028 - CAMISA ROLO;CAMISA ROLO, COMPRIMENTO 23 CM, APLICAÇÃO ROLO PINTURA, MATERIAL LÃ DE CARNEIRO;-;-;160214 - 5 CIA COM BLD;10.00000;20.784.313/0001-95 - RM COMERCIO DE MERCADORIAS E MATERIAIS LTDA;5.15;0.00000;https://contratos.sistema.gov.br/transparencia/compras/444947/itens/4422944/show;Pregão;00002;2023;160214;00002_2023_9;00002/2023;Aquisição de materiais de construção em geral, para Base de Administração e apoio da 5ª Região Militar, unidades apoiadas e membros do GCALC, conforme OS 01/2023-GCALC, de 05 de junho de 2023.;9;CAMISA ROLO;CAMISA ROLO, COMPRIMENTO 23 CM, APLICAÇĂO ROLO PINTURA, MATERIAL LĂ DE        CARNEIRO;Unidade;2023;00002
160214 - Pregão | 00002/2023;15;480897 - DESEMPENADEIRA MANUAL;DESEMPENADEIRA MANUAL, MATERIAL AÇO, COMPRIMENTO 25 CM, LARGURA 16 CM, APLICAÇÃO SERVIÇOS DE OBRAS, CARACTERÍSTICAS ADICIONAIS LISA;-;-;160214 - 5 CIA COM BLD;2.00000;35.236.131/0001-57 - GGV COMERCIAL LTDA;7.51;2.00000;https://contratos.sistema.gov.br/transparencia/compras/444947/itens/4422948/show;Pregão;00002;2023;160214;00002_2023_15;00002/2023;Aquisição de materiais de construção em geral, para Base de Administração e apoio da 5ª Região Militar, unidades apoiadas e membros do GCALC, conforme OS 01/2023-GCALC, de 05 de junho de 2023.;15;DESEMPENADEIRA MANUAL;DESEMPENADEIRA MANUAL, MATERIAL AÇO, COMPRIMENTO 25 CM, LARGURA 16 CM,        APLICAÇĂO SERVIÇOS DE OBRAS, CARACTERÍSTICAS ADICIONAIS LISA;Unidade;2023;00002
160214 - Pregão | 00002/2023;16;224114 - ESPÁTULA;ESPÁTULA, MATERIAL LÂMINA METAL, MATERIAL CABO MADEIRA, TAMANHO 10 CM, APLICAÇÃO MASSA E RASPAGEM;-;-;160214 - 5 CIA COM BLD;3.00000;43.892.634/0001-09 - BRAVE DISTRIBUIDORA LTDA;5.75;0.00000;https://contratos.sistema.gov.br/transparencia/compras/444947/itens/4422949/show;Pregão;00002;2023;160214;00002_2023_16;00002/2023;Aquisição de materiais de construção em geral, para Base de Administração e apoio da 5ª Região Militar, unidades apoiadas e membros do GCALC, conforme OS 01/2023-GCALC, de 05 de junho de 2023.;16;ESPÁTULA;ESPÁTULA, MATERIAL LÂMINA METAL, MATERIAL CABO MADEIRA, TAMANHO 10 CM,        APLICAÇĂO MASSA E RASPAGEM;Unidade;2023;00002
160214 - Pregão | 00002/2023;18;326848 - ESTILETE;ESTILETE, TIPO LARGO, ESPESSURA 18 MM, MATERIAL CORPO PLÁSTICO, CARACTERÍSTICAS ADICIONAIS LÂMINA AÇO C/ TRATAMENTO SUPERFICIAL GALVANIZADO, TIPO FIXAÇÃO LÂMINA ENCAIXE POR PRESSÃO;-;-;160214 - 5 CIA COM BLD;5.00000;35.236.131/0001-57 - GGV COMERCIAL LTDA;1.74;0.00000;https://contratos.sistema.gov.br/transparencia/compras/444947/itens/4431249/show;Pregão;00002;2023;160214;00002_2023_18;00002/2023;Aquisição de materiais de construção em geral, para Base de Administração e apoio da 5ª Região Militar, unidades apoiadas e membros do GCALC, conforme OS 01/2023-GCALC, de 05 de junho de 2023.;18;ESTILETE;ESTILETE, TIPO LARGO, ESPESSURA 18 MM, MATERIAL CORPO PLÁSTICO,               CARACTERÍSTICAS ADICIONAIS LÂMINA AÇO C/ TRATAMENTO SUPERFICIAL GALVANIZADO,  TIPO FIXAÇĂO LÂMINA ENCAIXE POR PRESSĂO;Unidade;2023;00002
160214 - Pregão | 00002/2023;19;391988 - FITA ADESIVA;FITA ADESIVA, MATERIAL CREPE, TIPO MONOFACE, LARGURA 48 MM, COMPRIMENTO 50 M, COR BEGE;-;-;160214 - 5 CIA COM BLD;20.00000;44.207.436/0001-21 - DISTRIBUIDORA JORDAO COMERCIO ATACADISTA DE EMBALAGENS LTDA;7.00;0.00000;https://contratos.sistema.gov.br/transparencia/compras/444947/itens/4431250/show;Pregão;00002;2023;160214;00002_2023_19;00002/2023;Aquisição de materiais de construção em geral, para Base de Administração e apoio da 5ª Região Militar, unidades apoiadas e membros do GCALC, conforme OS 01/2023-GCALC, de 05 de junho de 2023.;19;FITA ADESIVA;FITA ADESIVA, MATERIAL CREPE, TIPO MONOFACE, LARGURA 48 MM, COMPRIMENTO 50 M, COR BEGE;Rolo 50,00 M;2023;00002
160214 - Pregão | 00002/2023;22;389048 - IMPERMEABILIZANTE;IMPERMEABILIZANTE, COMPOSIÇÃO BÁSICA EMULSÃO ACRÍLICA, FUNÇÃO IMPERMEABILIZAÇÃO DE LAJES, ALICERCES, PAREDES, APLICAÇÃO CONSTRUÇÃO CIVIL, CONSUMO 360 A 400 G/M2, POR DEMÃO, COR BRANCA;-;-;160214 - 5 CIA COM BLD;1.00000;47.122.108/0001-10 - NOVA POMPEIA COMERCIO VAREJISTA E ATACADISTA DE TINTAS E FERRAMENTAS LTDA;190.00;1.00000;https://contratos.sistema.gov.br/transparencia/compras/444947/itens/4431252/show;Pregão;00002;2023;160214;00002_2023_22;00002/2023;Aquisição de materiais de construção em geral, para Base de Administração e apoio da 5ª Região Militar, unidades apoiadas e membros do GCALC, conforme OS 01/2023-GCALC, de 05 de junho de 2023.;22;IMPERMEABILIZANTE;IMPERMEABILIZANTE, COMPOSIÇĂO BÁSICA EMULSĂO ACRÍLICA, FUNÇĂO                 IMPERMEABILIZAÇĂO DE LAJES, ALICERCES, PAREDES, APLICAÇĂO CONSTRUÇĂO CIVIL,   CONSUMO 360 A 400 G/M2, POR DEMĂO, COR BRANCA;Balde 18,00 KG;2023;00002
160214 - Pregão | 00002/2023;25;213817 - LIXA;LIXA, MATERIAL ÓXIDO ALUMÍNIO, TIPO LIXA MASSA, APRESENTAÇÃO FOLHA, TIPO GRÃO 60, COMPRIMENTO 275 MM, LARGURA 225 MM;-;-;160214 - 5 CIA COM BLD;15.00000;49.834.027/0001-79 - AGREGA DISTRIBUIDORA LTDA;0.58;15.00000;https://contratos.sistema.gov.br/transparencia/compras/444947/itens/4431253/show;Pregão;00002;2023;160214;00002_2023_25;00002/2023;Aquisição de materiais de construção em geral, para Base de Administração e apoio da 5ª Região Militar, unidades apoiadas e membros do GCALC, conforme OS 01/2023-GCALC, de 05 de junho de 2023.;25;LIXA;LIXA, MATERIAL ÓXIDO ALUMÍNIO, TIPO LIXA MASSA, APRESENTAÇĂO FOLHA, TIPO GRĂO 60, COMPRIMENTO 275 MM, LARGURA 225 MM;Folha;2023;00002
