Número da Compra;Número do Item;Descrição;Descrição Detalhada;Início da Vigência;Fim da Vigência;Unidade;Qtd. Autorizada;Fornecedor;Val. Unitário;Qtd. Saldo;Link do Item;Tipo de Compra;Número do Pregão;Ano do Pregão;UASG;Objeto;Unidade de Fornecimento
160224 - Dispensa | 00001/2024;1;12661 - MANUTENÇÃO E REPARO EM BALANÇAS MECÂNICAS / ELETRÔNICAS;Manutenção e Reparo em Balanças Mecânicas / Eletrônicas;-;-; 160224 - PQ R MNT/5;1.0;10.927.084/0001-67 - CALIBRAPAR COMERCIO E SERVICOS LTDA;330.0;0.0;https://contratos.sistema.gov.br/transparencia/compras/527578/itens/5190556/show;Dispensa;1;2024;160224;;
160224 - Dispensa | 00002/2024;1;2941 - LIMPEZA DE EQUIPAMENTOS E TUBULAÇÕES POR HIDROJATEAMENTO;Limpeza de Equipamentos e Tubulações por Hidrojateamento;-;-; 160224 - PQ R MNT/5;2.0;02.297.194/0001-64 - JOSE SEBASTIAO DURAU & CIA LTDA;1000.0;0.0;https://contratos.sistema.gov.br/transparencia/compras/526793/itens/5181988/show;Dispensa;2;2024;160224;;
160224 - Dispensa | 00003/2024;1;18678 - MANUTENÇÃO DE VEÍCULOS LEVES - INJEÇÃO ELETRÔNICA;Manutenção de Veículos Leves - Injeção Eletrônica. CARACTERISTICAS ADCIONAIS: serviço de recuperação do conjunto de injeção do motor da Van Citroen Jumper 2.3 127 Cv 2013 com fornecimento de material (aplicação de peças). Incluindo os seguintes procedimentos: - Mão de obra de montagem e desmontagem da bomba de alta e bico injetor, - Mão de obra de vedação de bomba de alta, - Limpeza de bomba de alta, - Mão de obra de recuperação de bico injetor, com a substituição de 01 Kit de vedação da bomba de alta e 04 Kts de reparo do bico injetor.;-;-; 160224 - PQ R MNT/5;1.0;27.028.013/0001-25 - GRIFFIN AUTO CENTER LTDA;6260.0;0.0;https://contratos.sistema.gov.br/transparencia/compras/528156/itens/5194828/show;Dispensa;3;2024;160224;;
160224 - Dispensa | 00035/2023;1;5878 - MANUTENÇÃO DE VEÍCULOS PESADOS - PARTE MECÂNICA;Serviço de recuperação de motor da viatura ONIBUS VOLKSWAGEM MASCARELLO VTE EB 3411281874, com a troca obrigatória de seis unidades injetoras (Código: 0.445120140), um virabrequim (Código:3965006), uma bomba de alta pressão (Código:2T2.130.105).;-;-; 160224 - PQ R MNT/5;1.0;72.556.871/0001-05 - SOLA & GIRALDI LTDA;24800.0;0.0;https://contratos.sistema.gov.br/transparencia/compras/420755/itens/4223964/show;Dispensa;35;2023;160224;;
160224 - Dispensa | 00036/2023;1;4871 - MANUTENÇÃO DE SUBESTAÇÕES DE ENERGIA ELÉTRICA ATÉ 69KV;Adequação de cabine de subestação de média tensão do parque regional de manutenção 5.;-;-; 160224 - PQ R MNT/5;1.0;36.126.073/0001-71 - 777 ENERGIA LTDA;37250.0;0.0;https://contratos.sistema.gov.br/transparencia/compras/420699/itens/4223707/show;Dispensa;36;2023;160224;;
160224 - Dispensa | 00037/2023;1;15431 - CURSO PROFISSIONALIZANTE;Curso Profissionalizante;-;-; 160224 - PQ R MNT/5;30.0;73.471.963/0016-23 - SENAT SERVICO NACIONAL DE APRENDIZAGEM DO TRANSPORTE;300.0;0.0;https://contratos.sistema.gov.br/transparencia/compras/430331/itens/4303445/show;Dispensa;37;2023;160224;;
160224 - Dispensa | 00038/2023;1;16675 - INSTALAÇÃO / MANUTENÇÃO - CERCA / ALAMBRADO / TELA;Instalação de 194 metros de cerca, utilizando Tela Alambrado F14M75/80 Galv. fio 14 (Altura da tela 1,8m), esticadas com 3 fios de Arame Liso Galv. BWG 12 (total 582 m), amarradas com Arame Galv BWG 16 - (total 2Kg), sendo o PRIMEIROTRECHO fixada em Palanque curvo 2,8 m 4 ferros 9x8cm dispostos a cada 2,5 m (total 72), com um reforço a cada 25 metros em de Palanque curvo 2,3 m 3 ferros9x8 cm ( 2 curvos)(total 20), com a fixação de Concertina simples 300mm (162m), na parte superior da cerca, utilizando haste galvanizada 45 cm e Arame LisoGalv. BWG 12, 2 fios para esticar  a concertina ( total 324 m) e o SEGUNDO TRECHO fixada em Palanque reto 2,5 m 4 ferros 9x8cm dispostos a cada 2,5 m (total 15), com um reforço a cada 25 metros em de Palanque curvo 2,3 m 3 ferros 9x8cm (2 curvos) (total 4).;-;-; 160224 - PQ R MNT/5;1.0;34.383.480/0001-39 - FENIX SYSTEMS IX COMERCIO DE INFORMATICA LTDA;21399.0;0.0;https://contratos.sistema.gov.br/transparencia/compras/436858/itens/4350988/show;Dispensa;38;2023;160224;;
160224 - Dispensa | 00039/2023;1;2453 - MANUTENÇÃO DE MÁQUINAS , PORTÁTEIS , OPERATRIZES;Serviço de manutenção e recuperação de 2 (dois) gabinetes de jateamento manual modelo CMV GS9075X, com troca obrigatória dos seguintes componentes: CONJUNTO PEDAL DE ACIONAMENTO GSX. REF: 2942 (DUAS), VÁLVULA DE ACIONAMENTO DO PEDAL.REF: 3705 (DUAS), ABRAÇADEIRA 13X19 ZA. REF: 1003 (DUAS), BORRACHA DE VEDAÇÃO, REF: 3713 (QUATRO), VEDANTE DO QUADRO DA LUMINÁRIA. REF: 3717 (DUAS), VEDANTE DO QUADRO DA LUMINÁRIA. REF: 3717 (DUAS), FILTRO DE ADMISSÃO DE AR. REF: 5698 (DUAS), FILTRO DE COLETOR DE PÓ. REF: 4133 (4624) (DUAS), LUVA COM LONA ACOPLADA BOCAL 305 MM DIREITA. REF: 1911 / S3741 (DUAS), LUVA COM LONA ACOPLADA BOCAL 305 MM DIREITA REF: 1910/S3741 (DUAS), ABRAÇADEIRA 191X210 ZA PARA LUVA GS. REF: 1006 / A5147 + A5148 (QUATRO), VEDANTE INFERIOR DO VISOR. REF: 7822 (DUAS), VISOR EM POLICARBONATO GS. REF. 3611 (DUAS), BICO INJETOR 3,2. REF: A7554. OBs: MÃO DE OBRA REFERENTE À INSTALAÇÃO DE PEÇAS, LIMPEZA E AJUSTES DE COMPONENTES E TESTE FINAL INCLUSOS. As peças a serem aplicadas no referido serviço deverão ser originais do fabricante CMV Construções Mecânicas Ltda.;-;-; 160224 - PQ R MNT/5;1.0;48.082.965/0001-05 - J.A.S. GERNISKI LTDA.;23950.0;0.0;https://contratos.sistema.gov.br/transparencia/compras/447771/itens/4446177/show;Dispensa;39;2023;160224;;
160224 - Dispensa | 00040/2023;1;378971 - HIPOCLORITO DE SÓDIO;HIPOCLORITO DE SÓDIO, ASPECTO FÍSICO LÍQUIDO AMARELO ESVERDEADO, CONCENTRAÇÃOTEOR MÍNIMO DE 12 % DE CLORO ATIVO, CARACTERÍSTICAS ADICIONAIS ESTABILIZADO;-;-; 160224 - PQ R MNT/5;720.0;51.485.752/0001-20 - J A DISTRIBUIDORA LTDA;6.65;0.0;https://contratos.sistema.gov.br/transparencia/compras/447477/itens/4443596/show;Dispensa;40;2023;160224;;
160224 - Dispensa | 00042/2023;1;451595 - PÓ METÁLICO;PÓ METÁLICO, TIPO AÇO, COMPOSIÇÃO QUÍMICA (%):C-0.8 A 1.2, MN- 0.6 A 1.2, SI-MINIMO DE 0. 4, APLICAÇÃO JATEAMENTO, CARACTERÍSTICAS ADICIONAIS DUREZA MÍNIMA60 HRC, NORMA TÉCNICA SAE J 1993;-;-; 160224 - PQ R MNT/5;500.0;03.259.222/0001-11 - NORBLAST COMERCIO DE MAQUINAS, PECAS E SERVICOS LTDA;44.0;0.0;https://contratos.sistema.gov.br/transparencia/compras/460484/itens/4558162/show;Dispensa;42;2023;160224;;
160224 - Dispensa | 00043/2023;1;13137 - CONFECÇÃO / INSTALAÇÃO - VIDRO / ESPELHO / MOLDURA;Serviço de confecção de moldura de foto para galeria de ex   diretores do PqRMnt/5.  Moldura, material: alumínio, cor: prata brilhante, tamanho do perfil:7mm de frente e 15mm de profundidade.  Com vidro antirreflexivo na frente e com fundo  da moldura em MDF ou FOAN.  Tamanho da arte final: 400 x 355 mm.;-;-; 160224 - PQ R MNT/5;5.0;33.431.712/0001-14 - TAMIRES DE JESUS TRINDADE PEREIRA 04192227584;163.35;0.0;https://contratos.sistema.gov.br/transparencia/compras/462304/itens/4573708/show;Dispensa;43;2023;160224;;
160224 - Dispensa | 00045/2023;1;5606 - INSTALAÇÃO / MANUTENÇÃO ELÉTRICA - PREDIAL, INDUSTRIAL;Instalação / Manutenção Elétrica - Predial, Industrial;-;-; 160224 - PQ R MNT/5;1.0;10.993.916/0001-43 - ST ENGENHARIA LTDA;39997.0;2e-05;https://contratos.sistema.gov.br/transparencia/compras/465650/itens/4599804/show;Dispensa;45;2023;160224;;
160224 - Dispensa | 00046/2023;1;372452 - CONJUNTO HIGIENE;CONJUNTO DE BANHO, USO INFANTIL, COMPOSIÇÃO ESCOVA DENTAL, CREME DENTAL, FIODENTAL, TIPO EMBALAGEM CONFORME MODELO DO ÓRGÃO;-;-; 160224 - PQ R MNT/5;250.0;38.730.498/0001-10 - NBR DIGITAL INOVACOES LTDA;5.85;0.0;https://contratos.sistema.gov.br/transparencia/compras/491051/itens/4809840/show;Dispensa;46;2023;160224;;
160224 - Dispensa | 00046/2023;2;419949 - MODELO ANATÔMICO PARA FINS DIDÁTICOS;MODELO ANATÔMICO PARA FINS DIDÁTICOS, TAMANHO CERCA DE 8 X 8 X 10 CM,FINALIDADE MATERIAL EDUCATIVO ODONTOLÓGICO, TIPO MACRO ARCADA (SUPERIOR EINFERIOR) E ARTICULADOR, APLICAÇÃO TREINAMENTO HIGIENE DENTAL, CARACTERÍSTICASADICIONAIS POSIÇÃO: OCLUSÃO TIPO I, II, III E MORDIDA CRUZAD A;-;-; 160224 - PQ R MNT/5;1.0;51.485.752/0001-20 - J A DISTRIBUIDORA LTDA;524.7;0.0;https://contratos.sistema.gov.br/transparencia/compras/491051/itens/4809841/show;Dispensa;46;2023;160224;;
160224 - Dispensa | 00046/2023;3;465498 - MODELO ANATÔMICO PARA FINS DIDÁTICOS;MODELO ANATÔMICO PARA FINS DIDÁTICOS, TAMANHO 25 CM, FINALIDADE MATERIALEDUCATIVO ODONTOLÓGICO, TIPO BICHO DE PELÚCIA COM ARCADA DENTÁRIA, APLICAÇÃOPARA FINS DIDÁTICOS, CARACTERÍSTICAS ADICIONAIS COM 20 DENTES SENDO 10SUPERIORES E 10 INFERIORES;-;-; 160224 - PQ R MNT/5;1.0;11.088.993/0001-11 - TATA COMERCIO DE EQUIPAMENTOS PARA SAUDE, ODONTO-MEDICO LTDA.;230.0;0.0;https://contratos.sistema.gov.br/transparencia/compras/491051/itens/4809842/show;Dispensa;46;2023;160224;;
160224 - Dispensa | 90002/2024;1;10030 - CONFECÇÃO - BORDADO - AVIAMENTO DE ROUPA / FARDAMENTO / CAMISETA;CONFECCAO   BORDADO  AVIAMENTO DE ROUPA /  FARDAMENTO /  CAMISETA  ( IDENTIFICAÇÃO DO  POSTO/GRADUAÇÃO,  NOME DE GUERRA NA  CAMISETA SEM MANGA  BRANCA );-;-; 160224 - PQ R MNT/5;296.0;09.082.696/0001-17 - ALFAIATARIA LENI & OLIVEIRA LTDA;3.99;0.0;https://contratos.sistema.gov.br/transparencia/compras/520148/itens/5112651/show;Dispensa;90002;2024;160224;;
160224 - Dispensa | 90002/2024;2;10030 - CONFECÇÃO - BORDADO - AVIAMENTO DE ROUPA / FARDAMENTO / CAMISETA;CONFECCAO   BORDADO  AVIAMENTO DE ROUPA /  FARDAMENTO /  CAMISETA  ( IDENTIFICAÇÃO DO  POSTO/GRADUAÇÃO,  NOME DE GUERRA NA  CAMISETA A  MEIAMANGA CAMUFL  ADA );-;-; 160224 - PQ R MNT/5;400.0;09.082.696/0001-17 - ALFAIATARIA LENI & OLIVEIRA LTDA;3.99;0.0;https://contratos.sistema.gov.br/transparencia/compras/520148/itens/5112652/show;Dispensa;90002;2024;160224;;
160224 - Dispensa | 90006/2024;1;476856 - EXTINTOR INCÊNDIO;"EXTINTOR INCÊNDIO, MATERIAL MANGUEIRA PVC, MATERIAL TRAMA NYLON, MATERIALVÁLVULA SAÍDA LATÃO FORJADO, MATERIAL CILINDRO AÇO INOXIDÁVEL, CAPACIDADE 6 L,ACABAMENTO SUPERFICIAL CILINDRO POLIDO, APLICAÇÃO INCÊNDIO CLASSE ""K"",MATERIAL CARGA ACETATO DE POTÁSSIO, CARACTERÍSTICAS ADICIONAIS PORTÁTIL";-;-; 160224 - PQ R MNT/5;2.0;42.889.678/0001-17 - FELIPE ALVARENGA COMERCIO E SERVICOS DE ENGENHARIA LTDA;2205.22;0.0;https://contratos.sistema.gov.br/transparencia/compras/526870/itens/5182500/show;Dispensa;90006;2024;160224;;
160224 - Dispensa | 90011/2024;1;19143 - ANÁLISE FÍSICO - QUÍMICA ÁGUA;Análise Físico - Química Água;-;-; 160224 - PQ R MNT/5;1.0;27.463.015/0001-42 - EXACTY ANALISES QUIMICAS LTDA;1126.17;0.0;https://contratos.sistema.gov.br/transparencia/compras/528280/itens/5195957/show;Dispensa;90011;2024;160224;;
160224 - Dispensa | 90070/2024;1;343299 - HIPOCLORITO DE SÓDIO;HIPOCLORITO DE SÓDIO, ASPECTO FÍSICO LÍQUIDO AMARELO ESVERDEADO, CONCENTRAÇÃOTEOR MÍNIMO DE 12 % DE CLORO ATIVO, CARACTERÍSTICAS ADICIONAIS PRODUTOCONCENTRADO, NÃO ESTABILIZADO;-;-; 160224 - PQ R MNT/5;390.0;49.709.450/0001-47 - DALO EMPREENDIMENTOS LTDA;5.3;0.0;https://contratos.sistema.gov.br/transparencia/compras/528063/itens/5194126/show;Dispensa;90070;2024;160224;;
160224 - Pregão | 00002/2023;7;414249 - PIPETA;PIPETA, TIPO VOLUMÉTRICA, CAPACIDADE 2 ML, MATERIAL VIDRO, ESGOTAMENTO ESGOTAMENTO TOTAL;17/08/2023;2024-08-16 00:00:00; 160224 - PQ R MNT/5;10.0;21.707.794/0001-06 - FASTLABOR COMERCIAL LTDA;9.9;1.0;https://contratos.sistema.gov.br/transparencia/compras/372011/itens/4321299/show;Pregão;2;2023;160224;Aquisição de produtos químicos, vidrarias e equipamentos de laboratório, Equipamentos de Proteção Individual (EPIs), e outros equipamentos em geral para oficina de manutenção de armamento.;Unidade
160224 - Pregão | 00002/2023;7;414249 - PIPETA;PIPETA, TIPO VOLUMÉTRICA, CAPACIDADE 2 ML, MATERIAL VIDRO, ESGOTAMENTO ESGOTAMENTO TOTAL;17/08/2023;2024-08-16 00:00:00; 160224 - PQ R MNT/5;10.0;21.707.794/0001-06 - FASTLABOR COMERCIAL LTDA;9.9;1.0;https://contratos.sistema.gov.br/transparencia/compras/372011/itens/4321299/show;Pregão;2;2023;160224;Aquisição de produtos químicos, vidrarias e equipamentos de laboratório, Equipamentos de Proteção Individual (EPIs), e outros equipamentos em geral para oficina de manutenção de armamento.;Unidade
160224 - Pregão | 00002/2023;10;415453 - PERMANGANATO DE POTÁSSIO;PERMANGANATO DE POTÁSSIO, ASPECTO FÍSICO LÍQUIDO, GRAU DE PUREZA 0,1 N, CARACTERÍSTICA ADICIONAL EM SOLUÇÃO AQUOSA, NÚMERO DE REFERÊNCIA QUÍMICA CAS 7722-64-7;17/08/2023;2024-08-16 00:00:00; 160224 - PQ R MNT/5;4.0;08.238.866/0001-47 - ADONEX COMERCIO DE PRODUTOS PARA LABORATORIO LTDA;62.07;4.0;https://contratos.sistema.gov.br/transparencia/compras/372011/itens/4321301/show;Pregão;2;2023;160224;Aquisição de produtos químicos, vidrarias e equipamentos de laboratório, Equipamentos de Proteção Individual (EPIs), e outros equipamentos em geral para oficina de manutenção de armamento.;Litro
160224 - Pregão | 00002/2023;10;415453 - PERMANGANATO DE POTÁSSIO;PERMANGANATO DE POTÁSSIO, ASPECTO FÍSICO LÍQUIDO, GRAU DE PUREZA 0,1 N, CARACTERÍSTICA ADICIONAL EM SOLUÇÃO AQUOSA, NÚMERO DE REFERÊNCIA QUÍMICA CAS 7722-64-7;17/08/2023;2024-08-16 00:00:00; 160224 - PQ R MNT/5;4.0;08.238.866/0001-47 - ADONEX COMERCIO DE PRODUTOS PARA LABORATORIO LTDA;62.07;4.0;https://contratos.sistema.gov.br/transparencia/compras/372011/itens/4321301/show;Pregão;2;2023;160224;Aquisição de produtos químicos, vidrarias e equipamentos de laboratório, Equipamentos de Proteção Individual (EPIs), e outros equipamentos em geral para oficina de manutenção de armamento.;Litro
160224 - Pregão | 00003/2023;1;233469 - ÓCULOS DE PROTEÇÃO INDIVIDUAL;ÓCULOS DE PROTEÇÃO INDIVIDUAL, MATERIAL ARMAÇÃO POLICARBONATO, MATERIAL LENTE POLICARBONATO, TIPO LENTE ANTIEMBASSANTE E ANTICHAMA, MODELO LENTES ACOPLÁVEIS AO ROSTO, CARACTERÍSTICAS ADICIONAIS COM CORDÃO ELÁSTICO PARA FIXAÇÃO NA CABEÇA;27/09/2023;2024-09-27 00:00:00; 160224 - PQ R MNT/5;170.0;14.553.228/0001-13 - INFRAEASY SOLUCOES LTDA;33.65;35.0;https://contratos.sistema.gov.br/transparencia/compras/376090/itens/4461671/show;Pregão;3;2023;160224;Eventual aquisição de material de proteção e segurança individual e coletiva , nos termos da tabela abaixo, conforme condições e exigências estabelecidas neste instrumento.;Unidade
160224 - Pregão | 00003/2023;2;234328 - ÓCULOS DE PROTEÇÃO INDIVIDUAL;ÓCULOS DE PROTEÇÃO INDIVIDUAL, MATERIAL ARMAÇÃO POLICARBONATO, MATERIAL LENTE POLICARBONATO, TIPO LENTE ANTI-EMBAÇANTE, INFRADURA, EXTRA ANTI-RISCO, MODELO LENTES SOBREPOSIÇÃO (P/SER USADO SOBRE ÓCULOS GRADUADOS);27/09/2023;2024-09-27 00:00:00; 160224 - PQ R MNT/5;60.0;14.553.228/0001-13 - INFRAEASY SOLUCOES LTDA;4.0;5.0;https://contratos.sistema.gov.br/transparencia/compras/376090/itens/4461672/show;Pregão;3;2023;160224;Eventual aquisição de material de proteção e segurança individual e coletiva , nos termos da tabela abaixo, conforme condições e exigências estabelecidas neste instrumento.;Unidade
160224 - Pregão | 00003/2023;5;234466 - BOTA SEGURANÇA;BOTA SEGURANÇA, MATERIAL PVC- CLORETO DE POLIVINILA, MATERIAL SOLA BORRACHA ANTIDERRAPANTE, COR BRANCA, TAMANHO 42, TIPO CANO LONGO, TIPO USO SERVIÇOS GERAIS;27/09/2023;2024-09-27 00:00:00; 160224 - PQ R MNT/5;120.0;18.274.923/0001-05 - MASTERSUL EQUIPAMENTOS DE SEGURANCA LTDA;38.36;64.0;https://contratos.sistema.gov.br/transparencia/compras/376090/itens/4461675/show;Pregão;3;2023;160224;Eventual aquisição de material de proteção e segurança individual e coletiva , nos termos da tabela abaixo, conforme condições e exigências estabelecidas neste instrumento.;Par
160224 - Pregão | 00003/2023;6;318409 - LUVA PVC;LUVA PVC, TAMANHO 70 CM, CARACTERÍSTICAS ADICIONAIS FORRO DE ALGODÃO, PALMA E DORSO ÁSPEROS E COM CA/, COR VERDE, TIPO USO MANUSEIO DE ÁCIDOS, ALCALES E DETERGENTES;27/09/2023;2024-09-27 00:00:00; 160224 - PQ R MNT/5;100.0;43.219.256/0001-05 - LIFE CLEAN COMERCIO DE EQUIPAMENTOS LTDA;40.0;100.0;https://contratos.sistema.gov.br/transparencia/compras/376090/itens/4461676/show;Pregão;3;2023;160224;Eventual aquisição de material de proteção e segurança individual e coletiva , nos termos da tabela abaixo, conforme condições e exigências estabelecidas neste instrumento.;Par
160224 - Pregão | 00003/2023;9;336783 - RESPIRADOR;RESPIRADOR, MATERIAL ELASTÔMERO SINTÉTICO, TAMANHO PEÇA FACIAL TAMANHO REGULAR , APLICAÇÃO 2 RESPIRADORES, CARACTERÍSTICAS ADICIONAIS CARTUCHO VAPORES ORGÂNICOS E GASES ÁCIDOS, TIPO SEMIFACIAL;27/09/2023;2024-09-27 00:00:00; 160224 - PQ R MNT/5;200.0;36.091.140/0001-60 - BLUSAFE EQUIPAMENTOS DE PROTECAO INDIVIDUAL LTDA;116.0;85.0;https://contratos.sistema.gov.br/transparencia/compras/376090/itens/4461679/show;Pregão;3;2023;160224;Eventual aquisição de material de proteção e segurança individual e coletiva , nos termos da tabela abaixo, conforme condições e exigências estabelecidas neste instrumento.;Unidade
160224 - Pregão | 00003/2023;10;290970 - COMPONENTE RESPIRADOR SEGURANÇA;COMPONENTE RESPIRADOR SEGURANÇA, TIPO RETENTOR 501, REFERÊNCIA FABRIL 5N11, USO RESPIRADOR, APLICAÇÃO EQUIPAMENTO PARA SEGURANÇA E SALVAMENTO;27/09/2023;2024-09-27 00:00:00; 160224 - PQ R MNT/5;2000.0;36.091.140/0001-60 - BLUSAFE EQUIPAMENTOS DE PROTECAO INDIVIDUAL LTDA;10.94;990.0;https://contratos.sistema.gov.br/transparencia/compras/376090/itens/4461680/show;Pregão;3;2023;160224;Eventual aquisição de material de proteção e segurança individual e coletiva , nos termos da tabela abaixo, conforme condições e exigências estabelecidas neste instrumento.;Unidade
160224 - Pregão | 00003/2023;11;290969 - COMPONENTE RESPIRADOR SEGURANÇA;COMPONENTE RESPIRADOR SEGURANÇA, TIPO FILTRO MECÂNICO USO SIMULTÂNEO CARTUCHO QUÍMICO/C L, REFERÊNCIA FABRIL 5N11, USO RESPIRADOR, APLICAÇÃO EQUIPAMENTO PARA SEGURANÇA E SALVAMENTO;27/09/2023;2024-09-27 00:00:00; 160224 - PQ R MNT/5;2000.0;36.091.140/0001-60 - BLUSAFE EQUIPAMENTOS DE PROTECAO INDIVIDUAL LTDA;10.09;400.0;https://contratos.sistema.gov.br/transparencia/compras/376090/itens/4461681/show;Pregão;3;2023;160224;Eventual aquisição de material de proteção e segurança individual e coletiva , nos termos da tabela abaixo, conforme condições e exigências estabelecidas neste instrumento.;Unidade
160224 - Pregão | 00003/2023;13;485533 - MÁSCARA PROTEÇÃO RESP. C/ ANVISA;MÁSCARA PROTEÇÃO RESP. C/ ANVISA, MODELO RESPIRADOR DOBRÁVEL, TIPO BICO DE PATO, MATERIAL CAMADAS FIBRAS SINTÉTICAS, FILTRO EFICIÊNCIA FILTRAÇÃO MÍN. 94% S, CLASSE PFF2, N95 OU EQUIVALENTE, ADICIONAL CARVÃO ATIVADO, COMPONENTE CLIPE NASAL, TIPO FIXAÇÃO TIRAS VEDAÇÃO ANATÔMICA, ADICIONAL 2 C/ VÁLVULA, COR C/ COR, TAMANHO ADULTO, ESTERILIDADE DESCARTÁVEL;27/09/2023;2024-09-27 00:00:00; 160224 - PQ R MNT/5;5000.0;43.219.256/0001-05 - LIFE CLEAN COMERCIO DE EQUIPAMENTOS LTDA;0.6;5000.0;https://contratos.sistema.gov.br/transparencia/compras/376090/itens/4461683/show;Pregão;3;2023;160224;Eventual aquisição de material de proteção e segurança individual e coletiva , nos termos da tabela abaixo, conforme condições e exigências estabelecidas neste instrumento.;Unidade
160224 - Pregão | 00003/2023;14;257074 - PROTETOR AURICULAR;PROTETOR AURICULAR, MATERIAL POLIURETANO, TAMANHO ÚNICO, CARACTERÍSTICAS ADICIONAIS TIPO PLUG;27/09/2023;2024-09-27 00:00:00; 160224 - PQ R MNT/5;2000.0;34.346.979/0001-76 - AGOS B2G COMERCIAL E SERVICOS EM LICITACOES LTDA;0.78;800.0;https://contratos.sistema.gov.br/transparencia/compras/376090/itens/4461684/show;Pregão;3;2023;160224;Eventual aquisição de material de proteção e segurança individual e coletiva , nos termos da tabela abaixo, conforme condições e exigências estabelecidas neste instrumento.;Unidade
160224 - Pregão | 00003/2023;15;240136 - AVENTAL;AVENTAL, MATERIAL PVC- CLORETO DE POLIVINILA, MODELO FORRADO, TIPO IMPERMEÁVEL , COR BRANCA, COMPRIMENTO 120 CM, LARGURA 70 CM, CARACTERÍSTICAS ADICIONAIS TIRAS DE AMARRAR FIXAS;27/09/2023;2024-09-27 00:00:00; 160224 - PQ R MNT/5;170.0;14.984.352/0001-33 - EPINET COMERCIO DE EQUIPAMENTOS DE PROTECAO LTDA;8.0;70.0;https://contratos.sistema.gov.br/transparencia/compras/376090/itens/4461685/show;Pregão;3;2023;160224;Eventual aquisição de material de proteção e segurança individual e coletiva , nos termos da tabela abaixo, conforme condições e exigências estabelecidas neste instrumento.;Unidade
160224 - Pregão | 00003/2023;16;240136 - AVENTAL;AVENTAL, MATERIAL PVC- CLORETO DE POLIVINILA, MODELO FORRADO, TIPO IMPERMEÁVEL , COR BRANCA, COMPRIMENTO 120 CM, LARGURA 70 CM, CARACTERÍSTICAS ADICIONAIS TIRAS DE AMARRAR FIXAS;27/09/2023;2024-09-27 00:00:00; 160224 - PQ R MNT/5;170.0;14.984.352/0001-33 - EPINET COMERCIO DE EQUIPAMENTOS DE PROTECAO LTDA;8.5;170.0;https://contratos.sistema.gov.br/transparencia/compras/376090/itens/4461686/show;Pregão;3;2023;160224;Eventual aquisição de material de proteção e segurança individual e coletiva , nos termos da tabela abaixo, conforme condições e exigências estabelecidas neste instrumento.;Unidade
160224 - Pregão | 00003/2023;19;286357 - CINTO SEGURANÇA;CINTO SEGURANÇA, MATERIAL POLIÉSTER, USO PARAQUEDISTA;27/09/2023;2024-09-27 00:00:00; 160224 - PQ R MNT/5;50.0;14.183.614/0001-60 - SAFE - SUPPLY & IT SUPRIMENTOS LTDA;54.0;25.0;https://contratos.sistema.gov.br/transparencia/compras/376090/itens/4461690/show;Pregão;3;2023;160224;Eventual aquisição de material de proteção e segurança individual e coletiva , nos termos da tabela abaixo, conforme condições e exigências estabelecidas neste instrumento.;Unidade
160224 - Pregão | 00003/2023;20;315465 - VESTUÁRIO PROTEÇÃO;VESTUÁRIO PROTEÇÃO, MATERIAL 100% POLIETILENO, TAMANHO GRANDE, COMPONENTES MACACÃO COM CAPUZ E FECHAMENTO COM ZÍPER, TIPO USO PROTEÇÃO NÍVEL C CONTRA PRODUTOS QUÍMICOS, CARACTERÍSTICAS ADICIONAIS COSTURAS TERMOSSELADAS, ELÁSTICO NOS PUNHOS E TOR-;27/09/2023;2024-09-27 00:00:00; 160224 - PQ R MNT/5;30.0;12.670.981/0001-63 - PROTEGGERE INDUSTRIA E COMERCIO DE EPI S LTDA;15.75;10.0;https://contratos.sistema.gov.br/transparencia/compras/376090/itens/4461691/show;Pregão;3;2023;160224;Eventual aquisição de material de proteção e segurança individual e coletiva , nos termos da tabela abaixo, conforme condições e exigências estabelecidas neste instrumento.;Unidade
160224 - Pregão | 00003/2023;22;388205 - JAPONA;JAPONA, MATERIAL NYLON, MATERIAL FORRO MANTA TÉRMICA, TAMANHO G, TIPO MANGA LONGA COM PUNHO, COR AZUL MARINHO;27/09/2023;2024-09-27 00:00:00; 160224 - PQ R MNT/5;24.0;33.053.130/0001-41 - EPI CURITIBA COMERCIO DE EQUIPAMENTOS DE SEGURANCA LTDA;89.74;9.0;https://contratos.sistema.gov.br/transparencia/compras/376090/itens/4461693/show;Pregão;3;2023;160224;Eventual aquisição de material de proteção e segurança individual e coletiva , nos termos da tabela abaixo, conforme condições e exigências estabelecidas neste instrumento.;Unidade
160224 - Pregão | 00003/2023;23;369561 - TOUCA;TOUCA, TIPO DESCARTÁVEL, MATERIAL TNT, COR BRANCA, APLICAÇÃO COZINHA INDUSTRIAL, CARACTERÍSTICAS ADICIONAIS TAMANHO ÚNICO COM ELÁSTICO;27/09/2023;2024-09-27 00:00:00; 160224 - PQ R MNT/5;500.0;43.219.256/0001-05 - LIFE CLEAN COMERCIO DE EQUIPAMENTOS LTDA;6.0;500.0;https://contratos.sistema.gov.br/transparencia/compras/376090/itens/4461695/show;Pregão;3;2023;160224;Eventual aquisição de material de proteção e segurança individual e coletiva , nos termos da tabela abaixo, conforme condições e exigências estabelecidas neste instrumento.;Caixa 100,00 UN
160224 - Pregão | 00003/2023;25;483888 - MÁSCARA DESCARTÁVEL USO GERAL;MÁSCARA DESCARTÁVEL USO GERAL, MATERIAL TNT (TECIDO NÃO TECIDO), TIPO FIXAÇÃO CONTORNO TOTAL, COM ELÁSTICO, CARACTERÍSTICAS ADICIONAIS PROTEÇÃO DE BARBA E BIGODE, TAMANHO ÚNICO;27/09/2023;2024-09-27 00:00:00; 160224 - PQ R MNT/5;200.0;43.219.256/0001-05 - LIFE CLEAN COMERCIO DE EQUIPAMENTOS LTDA;6.0;200.0;https://contratos.sistema.gov.br/transparencia/compras/376090/itens/4461697/show;Pregão;3;2023;160224;Eventual aquisição de material de proteção e segurança individual e coletiva , nos termos da tabela abaixo, conforme condições e exigências estabelecidas neste instrumento.;Caixa 50,00 UN
160224 - Pregão | 00003/2023;26;318400 - LUVA PVC;LUVA PVC, TAMANHO 26 CM, CARACTERÍSTICAS ADICIONAIS FORRO DE ALGODÃO, PALMA E DORSO ÁSPEROS E COM CA/, COR VERDE, TIPO USO MANUSEIO DE ÁCIDOS, ALCALES E DETERGENTES;27/09/2023;2024-09-27 00:00:00; 160224 - PQ R MNT/5;50.0;33.053.130/0001-41 - EPI CURITIBA COMERCIO DE EQUIPAMENTOS DE SEGURANCA LTDA;13.47;30.0;https://contratos.sistema.gov.br/transparencia/compras/376090/itens/4461698/show;Pregão;3;2023;160224;Eventual aquisição de material de proteção e segurança individual e coletiva , nos termos da tabela abaixo, conforme condições e exigências estabelecidas neste instrumento.;Par
160224 - Pregão | 00003/2023;28;254238 - VARA DE MANOBRA;VARA DE MANOBRA, MATERIAL FIBRA VIDRO, TIPO TELESCÓPIO, COMPRIMENTO ENTRE 7 E 9 M, COMPONENTES CABEÇOTE MANOBRA COM TRAVA ANTI-QUEDA E HASTE AÇO, NORMAS TÉCNICAS NBR 11854, APLICAÇÃO SISTEMAS ENERGIZADOS DE ALTA TENSÃO, CARACTERÍSTICAS ADICIONAIS MODULAR DE 6 POSIÇÕES;27/09/2023;2024-09-27 00:00:00; 160224 - PQ R MNT/5;2.0;34.346.979/0001-76 - AGOS B2G COMERCIAL E SERVICOS EM LICITACOES LTDA;1358.34;1.0;https://contratos.sistema.gov.br/transparencia/compras/376090/itens/4461700/show;Pregão;3;2023;160224;Eventual aquisição de material de proteção e segurança individual e coletiva , nos termos da tabela abaixo, conforme condições e exigências estabelecidas neste instrumento.;Unidade
160224 - Pregão | 00003/2023;31;290968 - COMPONENTE RESPIRADOR SEGURANÇA;COMPONENTE RESPIRADOR SEGURANÇA, TIPO CARTUCHO QUÍMICO/VAPORES ORGÂNICOS E GASES ÁCIDOS, REFERÊNCIA FABRIL 6003, USO RESPIRADOR, APLICAÇÃO EQUIPAMENTO PARA SEGURANÇA E SALVAMENTO;27/09/2023;2024-09-27 00:00:00; 160224 - PQ R MNT/5;2000.0;43.854.777/0001-26 - BUNZL EQUIPAMENTOS PARA PROTECAO INDIVIDUAL LTDA;37.8;2000.0;https://contratos.sistema.gov.br/transparencia/compras/376090/itens/4461701/show;Pregão;3;2023;160224;Eventual aquisição de material de proteção e segurança individual e coletiva , nos termos da tabela abaixo, conforme condições e exigências estabelecidas neste instrumento.;Unidade
160224 - Pregão | 00004/2023;7;605544 - TINTA LACA;TINTA LACA, COMPONENTES TINT A POLIURETANO MAIS CATALISADOR, COR VERDE FLORESTA FOSCO, APLICAÇÃO PINTURA AUTOMOTIVA;22/08/2023;2024-08-22 00:00:00; 160224 - PQ R MNT/5;225.0;60.621.141/0004-04 - PAUMAR S.A - INDUSTRIA E COMERCIO;295.0;0.00793;https://contratos.sistema.gov.br/transparencia/compras/432219/itens/4321247/show;Pregão;4;2023;160224;Aquisição de tintas e afins, por meio de SRP, para manutenção em 3º Escalão de VBE PC M577 A2 e VBCO AP M109 A3 e A5, nos termos da tabela abaixo, conforme condições e exigências estabelecidas neste instrumento.;Galão 3,60 L
160224 - Pregão | 00005/2023;6;478123 - PLACA IDENTIFICAÇÃO;PLACA IDENTIFICAÇÃO, MATERIAL PVC, COMPRIMENTO 70 CM, ALTURA 70 CM, APLICAÇÃO IDENTIFICAÇÃO DO ÓRGÃO, ESPESSURA 2 MM, CARACTERÍSTICAS ADICIONAIS 1 APLICAÇÃO DA LOGOMARCA EM VINIL AUTO-ADESIVO;18/10/2023;2024-10-17 00:00:00; 160224 - PQ R MNT/5;3.0;23.439.563/0001-86 - CRTCOM IMPRESSAO DIGITAL E SOLUCOES VISUAIS LTDA;24.5;3.0;https://contratos.sistema.gov.br/transparencia/compras/456602/itens/4525677/show;Pregão;5;2023;160224;Aquisição de lixeiras tipo contêiner, placas sinalizadoras e kits de emergência ambiental.;Unidade
160224 - Pregão | 00005/2023;7;604456 - PLACA IDENTIFICAÇÃO;"PLACA IDENTIFICAÇÃO, MATERIAL PVC 2MM, COMPRIMENTO 24 CM, APLICAÇÃO IDENTIFICAÇÃO DE LIXO, LARGURA 18 CM, FIXAÇÃO ORIFICIOS DE FIXAÇÃO E DE FACIL INSTALAÇÃO, CARACTERÍSTICAS ADICIONAIS 1 DESCRIÇÃO "" LIXO RECICLÁVEL""";18/10/2023;2024-10-17 00:00:00; 160224 - PQ R MNT/5;15.0;23.439.563/0001-86 - CRTCOM IMPRESSAO DIGITAL E SOLUCOES VISUAIS LTDA;6.5;15.0;https://contratos.sistema.gov.br/transparencia/compras/456602/itens/4525678/show;Pregão;5;2023;160224;Aquisição de lixeiras tipo contêiner, placas sinalizadoras e kits de emergência ambiental.;Unidade
160224 - Pregão | 00005/2023;8;604454 - PLACA IDENTIFICAÇÃO;"PLACA IDENTIFICAÇÃO, MATERIAL PVC EXPANDIDO 2MM, COMPRIMENTO 35 CM, ALTURA 25 CM, APLICAÇÃO IDENTIFICAÇÃO DE MACA, FIXAÇÃO ORIFICIOS DE FIXAÇÃO E DE FACIL INSTALAÇÃO, CARACTERÍSTICAS ADICIONAIS 1 ESCRIÇÃO ""SEGURANÇA MACA DE EMERGÊNCIA""";18/10/2023;2024-10-17 00:00:00; 160224 - PQ R MNT/5;3.0;23.439.563/0001-86 - CRTCOM IMPRESSAO DIGITAL E SOLUCOES VISUAIS LTDA;9.8;3.0;https://contratos.sistema.gov.br/transparencia/compras/456602/itens/4525679/show;Pregão;5;2023;160224;Aquisição de lixeiras tipo contêiner, placas sinalizadoras e kits de emergência ambiental.;Unidade
160224 - Pregão | 00005/2023;9;478123 - PLACA IDENTIFICAÇÃO;PLACA IDENTIFICAÇÃO, MATERIAL PVC, COMPRIMENTO 70 CM, ALTURA 70 CM, APLICAÇÃO IDENTIFICAÇÃO DO ÓRGÃO, ESPESSURA 2 MM, CARACTERÍSTICAS ADICIONAIS 1 APLICAÇÃO DA LOGOMARCA EM VINIL AUTO-ADESIVO;18/10/2023;2024-10-17 00:00:00; 160224 - PQ R MNT/5;3.0;23.439.563/0001-86 - CRTCOM IMPRESSAO DIGITAL E SOLUCOES VISUAIS LTDA;24.5;3.0;https://contratos.sistema.gov.br/transparencia/compras/456602/itens/4525680/show;Pregão;5;2023;160224;Aquisição de lixeiras tipo contêiner, placas sinalizadoras e kits de emergência ambiental.;Unidade
160224 - Pregão | 00005/2023;10;604457 - PLACA IDENTIFICAÇÃO;"PLACA IDENTIFICAÇÃO, MATERIAL PVC 2MM, COMPRIMENTO 24 CM, APLICAÇÃO IDENTIFICAÇÃO DE LIXO, LARGURA 18 CM, FIXAÇÃO ORIFICIOS DE FIXAÇÃO E DE FACIL INSTALAÇÃO, CARACTERÍSTICAS ADICIONAIS 1 DESCRIÇÃO""LIXO ORGÂNICO""";18/10/2023;2024-10-17 00:00:00; 160224 - PQ R MNT/5;15.0;23.439.563/0001-86 - CRTCOM IMPRESSAO DIGITAL E SOLUCOES VISUAIS LTDA;6.5;15.0;https://contratos.sistema.gov.br/transparencia/compras/456602/itens/4525681/show;Pregão;5;2023;160224;Aquisição de lixeiras tipo contêiner, placas sinalizadoras e kits de emergência ambiental.;Unidade
160224 - Pregão | 00009/2023;1;3573 - MANUTENÇÃO DE VEÍCULOS PESADOS;Serviço de recuperação completa da caixa de transferência utilizada do conjunt o de força do M113 BR, de acordo com a NBR 15760-2 ABNT Veículos Rodoviários A utomotores Manutenção em Sistema de Transmissão Parte 2: Caixa de Mudanças Aut omática.;28/03/2024;2025-03-27 00:00:00; 160224 - PQ R MNT/5;30.0;07.758.095/0001-56 - GTF COMERCIO DE PECAS E SERVICOS LTDA;22890.0;23.0;https://contratos.sistema.gov.br/transparencia/compras/508243/itens/5010078/show;Pregão;9;2023;160224;Contratação de serviços de manutenção corretiva para viaturas blindadas e equipamentos de linha de produção de oficinas de manutenção Classe IX do Pq R Mnt/5.;UNIDADE
160224 - Pregão | 00009/2023;2;3573 - MANUTENÇÃO DE VEÍCULOS PESADOS;Recuperação completa do radiador da viatura M109.;28/03/2024;2025-03-27 00:00:00; 160224 - PQ R MNT/5;20.0;07.758.095/0001-56 - GTF COMERCIO DE PECAS E SERVICOS LTDA;5114.72;10.0;https://contratos.sistema.gov.br/transparencia/compras/508243/itens/5010079/show;Pregão;9;2023;160224;Contratação de serviços de manutenção corretiva para viaturas blindadas e equipamentos de linha de produção de oficinas de manutenção Classe IX do Pq R Mnt/5.;UNIDADE
160224 - Pregão | 00009/2023;3;3573 - MANUTENÇÃO DE VEÍCULOS PESADOS;Recuperação completa do radiador da viatura M992.;28/03/2024;2025-03-27 00:00:00; 160224 - PQ R MNT/5;20.0;07.758.095/0001-56 - GTF COMERCIO DE PECAS E SERVICOS LTDA;5114.72;20.0;https://contratos.sistema.gov.br/transparencia/compras/508243/itens/5010080/show;Pregão;9;2023;160224;Contratação de serviços de manutenção corretiva para viaturas blindadas e equipamentos de linha de produção de oficinas de manutenção Classe IX do Pq R Mnt/5.;UNIDADE
160224 - Pregão | 00009/2023;5;2372 - MANUTENÇÃO DE PONTES E PÓRTICOS ROLANTES;Serviço de manutenção de ponte rolante de 30 toneladas.;28/03/2024;2025-03-27 00:00:00; 160224 - PQ R MNT/5;2.0;07.758.095/0001-56 - GTF COMERCIO DE PECAS E SERVICOS LTDA;64595.58;1.0;https://contratos.sistema.gov.br/transparencia/compras/508243/itens/5010081/show;Pregão;9;2023;160224;Contratação de serviços de manutenção corretiva para viaturas blindadas e equipamentos de linha de produção de oficinas de manutenção Classe IX do Pq R Mnt/5.;UNIDADE
160224 - Pregão | 00009/2023;7;3573 - MANUTENÇÃO DE VEÍCULOS PESADOS;Recuperação completa do radiador da viatura M577 A2.;28/03/2024;2025-03-27 00:00:00; 160224 - PQ R MNT/5;20.0;07.758.095/0001-56 - GTF COMERCIO DE PECAS E SERVICOS LTDA;4954.4;20.0;https://contratos.sistema.gov.br/transparencia/compras/508243/itens/5010082/show;Pregão;9;2023;160224;Contratação de serviços de manutenção corretiva para viaturas blindadas e equipamentos de linha de produção de oficinas de manutenção Classe IX do Pq R Mnt/5.;UNIDADE
160224 - Pregão | 00010/2023;17;603273 - CHAVE COMBINADA;CHAVE COMBINADA, MATERIAL AÇO CROMO VANÁDIO, ACABAMENTO NIQUELADO E CROMADO, BITOLA 17 MM, TIPO BOCA + ESTRELA, CARACTERÍSTICAS ADICIONAIS CABEÇAS INCLINADAS, PAREDE FINA;18/05/2024;2025-05-17 00:00:00; 160224 - PQ R MNT/5;10.0;46.988.889/0001-68 - 4 NINJAS COMERCIO E DISTRIBUICAO DE PRODUTOS LTDA;10.16;10.0;https://contratos.sistema.gov.br/transparencia/compras/523532/itens/5148611/show;Pregão;10;2023;160224;Aquisição de insumos e ferramentas gerais para oficina, nos termos da tabela abaixo, conforme condições e exigências estabelecidas neste instrumento.;Unidade
160224 - Pregão | 00010/2023;22;601338 - CHAVE COMBINADA;CHAVE COMBINADA, MATERIAL AÇO CROMO VANÁDIO, ACABAMENTO NIQUELADO E CROMADO, BITOLA 22 MM, TIPO BOCA + ESTRELA, CARACTERÍSTICAS ADICIONAIS ABEÇA RETA, PAREDE FINA;18/05/2024;2025-05-17 00:00:00; 160224 - PQ R MNT/5;10.0;46.988.889/0001-68 - 4 NINJAS COMERCIO E DISTRIBUICAO DE PRODUTOS LTDA;12.87;10.0;https://contratos.sistema.gov.br/transparencia/compras/523532/itens/5148616/show;Pregão;10;2023;160224;Aquisição de insumos e ferramentas gerais para oficina, nos termos da tabela abaixo, conforme condições e exigências estabelecidas neste instrumento.;Unidade
160224 - Pregão | 00010/2023;27;462862 - CHAVE COMBINADA;CHAVE COMBINADA, MATERIAL AÇO CROMO VANÁDIO, ACABAMENTO CROMADO, BITOLA 27 MM, TIPO BOCA + ESTRELA, CARACTERÍSTICAS ADICIONAIS CABEÇAS INCLINADAS, PAREDE FINA;18/05/2024;2025-05-17 00:00:00; 160224 - PQ R MNT/5;10.0;46.988.889/0001-68 - 4 NINJAS COMERCIO E DISTRIBUICAO DE PRODUTOS LTDA;29.74;10.0;https://contratos.sistema.gov.br/transparencia/compras/523532/itens/5148621/show;Pregão;10;2023;160224;Aquisição de insumos e ferramentas gerais para oficina, nos termos da tabela abaixo, conforme condições e exigências estabelecidas neste instrumento.;Unidade
160224 - Pregão | 00010/2023;34;445987 - CHAVE COMBINADA;CHAVE COMBINADA, MATERIAL AÇO CROMO VANÁDIO, BITOLA 10 MM, TIPO BOCA/UNIT DRIVE;18/05/2024;2025-05-17 00:00:00; 160224 - PQ R MNT/5;10.0;46.988.889/0001-68 - 4 NINJAS COMERCIO E DISTRIBUICAO DE PRODUTOS LTDA;4.81;10.0;https://contratos.sistema.gov.br/transparencia/compras/523532/itens/5148628/show;Pregão;10;2023;160224;Aquisição de insumos e ferramentas gerais para oficina, nos termos da tabela abaixo, conforme condições e exigências estabelecidas neste instrumento.;Unidade
160224 - Pregão | 00010/2023;35;483652 - CHAVE DE FENDA;CHAVE DE FENDA, MATERIAL AÇO CROMO VANÁDIO, CABO POLIPROPILENO, TAMANHO 1/4 X 5 POL, CARACTERÍSTICAS ADICIONAIS PONTA FOSFATIZADA, TIPO PONTA CHATA;18/05/2024;2025-05-17 00:00:00; 160224 - PQ R MNT/5;10.0;46.988.889/0001-68 - 4 NINJAS COMERCIO E DISTRIBUICAO DE PRODUTOS LTDA;7.8;10.0;https://contratos.sistema.gov.br/transparencia/compras/523532/itens/5148629/show;Pregão;10;2023;160224;Aquisição de insumos e ferramentas gerais para oficina, nos termos da tabela abaixo, conforme condições e exigências estabelecidas neste instrumento.;Unidade
160224 - Pregão | 00010/2023;36;483650 - CHAVE DE FENDA;CHAVE DE FENDA, MATERIAL AÇO CROMO VANÁDIO, CABO POLIPROPILENO, TAMANHO 1/8 X 5 POL, CARACTERÍSTICAS ADICIONAIS PONTA FOSFATIZADA, TIPO PONTA CHATA;18/05/2024;2025-05-17 00:00:00; 160224 - PQ R MNT/5;10.0;46.988.889/0001-68 - 4 NINJAS COMERCIO E DISTRIBUICAO DE PRODUTOS LTDA;6.13;10.0;https://contratos.sistema.gov.br/transparencia/compras/523532/itens/5148630/show;Pregão;10;2023;160224;Aquisição de insumos e ferramentas gerais para oficina, nos termos da tabela abaixo, conforme condições e exigências estabelecidas neste instrumento.;Unidade
160224 - Pregão | 00010/2023;37;388033 - CHAVE DE FENDA;CHAVE DE FENDA, MATERIAL AÇO CROMO VANÁDIO, CABO POLIPROPILENO SIMPLES, TAMANHO 6 X 1/4 POL, CARACTERÍSTICAS ADICIONAIS HASTE NIQUELADA E CROMADA/ PONTA FOSFATIZADA, TIPO PONTA FENDA CRUZADA;18/05/2024;2025-05-17 00:00:00; 160224 - PQ R MNT/5;10.0;46.988.889/0001-68 - 4 NINJAS COMERCIO E DISTRIBUICAO DE PRODUTOS LTDA;5.9;10.0;https://contratos.sistema.gov.br/transparencia/compras/523532/itens/5148631/show;Pregão;10;2023;160224;Aquisição de insumos e ferramentas gerais para oficina, nos termos da tabela abaixo, conforme condições e exigências estabelecidas neste instrumento.;Unidade
160224 - Pregão | 00010/2023;38;388033 - CHAVE DE FENDA;CHAVE DE FENDA, MATERIAL AÇO CROMO VANÁDIO, CABO POLIPROPILENO SIMPLES, TAMANHO 6 X 1/4 POL, CARACTERÍSTICAS ADICIONAIS HASTE NIQUELADA E CROMADA/ PONTA FOSFATIZADA, TIPO PONTA FENDA CRUZADA;18/05/2024;2025-05-17 00:00:00; 160224 - PQ R MNT/5;10.0;46.988.889/0001-68 - 4 NINJAS COMERCIO E DISTRIBUICAO DE PRODUTOS LTDA;9.7;10.0;https://contratos.sistema.gov.br/transparencia/compras/523532/itens/5148632/show;Pregão;10;2023;160224;Aquisição de insumos e ferramentas gerais para oficina, nos termos da tabela abaixo, conforme condições e exigências estabelecidas neste instrumento.;Unidade
160224 - Pregão | 00010/2023;39;468508 - CHAVE DE FENDA;CHAVE DE FENDA, MATERIAL AÇO TEMPERADO, CABO POLIPROPILENO, TAMANHO 1/8 X 3 POL, CARACTERÍSTICAS ADICIONAIS HASTE MIQUELADA E CROMADA, TIPO PONTA CHATA;17/05/2024;2025-05-17 00:00:00; 160224 - PQ R MNT/5;10.0;46.988.889/0001-68 - 4 NINJAS COMERCIO E DISTRIBUICAO DE PRODUTOS LTDA;1.86;10.0;https://contratos.sistema.gov.br/transparencia/compras/523532/itens/5173676/show;Pregão;10;2023;160224;Aquisição de insumos e ferramentas gerais para oficina, nos termos da tabela abaixo, conforme condições e exigências estabelecidas neste instrumento.;Unidade
160224 - Pregão | 00010/2023;40;337652 - CHAVE DE FENDA;CHAVE DE FENDA, MATERIAL CARBONO TEMPERADO, CABO POLIPROPILENO, TAMANHO 3/16 X 4 POL;18/05/2024;2025-05-17 00:00:00; 160224 - PQ R MNT/5;10.0;46.988.889/0001-68 - 4 NINJAS COMERCIO E DISTRIBUICAO DE PRODUTOS LTDA;3.6;10.0;https://contratos.sistema.gov.br/transparencia/compras/523532/itens/5148633/show;Pregão;10;2023;160224;Aquisição de insumos e ferramentas gerais para oficina, nos termos da tabela abaixo, conforme condições e exigências estabelecidas neste instrumento.;Unidade
160224 - Pregão | 00010/2023;41;455523 - CHAVE DE FENDA;CHAVE DE FENDA, MATERIAL AÇO CROMO VANÁDIO- DIM 17200-50CRV4, CABO POLIPROPILENO, TAMANHO 5/16 X 6 MM, CARACTERÍSTICAS ADICIONAIS HASTE NIQUELADA E CROMADA/PONTA FOSFATIZADA, TIPO PONTA CHATA;18/05/2024;2025-05-17 00:00:00; 160224 - PQ R MNT/5;10.0;46.988.889/0001-68 - 4 NINJAS COMERCIO E DISTRIBUICAO DE PRODUTOS LTDA;8.95;10.0;https://contratos.sistema.gov.br/transparencia/compras/523532/itens/5148634/show;Pregão;10;2023;160224;Aquisição de insumos e ferramentas gerais para oficina, nos termos da tabela abaixo, conforme condições e exigências estabelecidas neste instrumento.;Unidade
160224 - Pregão | 00010/2023;43;607134 - CHAVE DE FENDA;CHAVE DE FENDA, MATERIAL AÇO CROMO VANÁDIO, CABO HEXAGONAL EASYGRIP, TAMANHO 3 X 100 MM, TIPO PONTA CRUZADA;17/05/2024;2025-05-17 00:00:00; 160224 - PQ R MNT/5;10.0;19.225.144/0001-74 - JUMES ELETRO LTDA;5.28;10.0;https://contratos.sistema.gov.br/transparencia/compras/523532/itens/5148636/show;Pregão;10;2023;160224;Aquisição de insumos e ferramentas gerais para oficina, nos termos da tabela abaixo, conforme condições e exigências estabelecidas neste instrumento.;Unidade
160224 - Pregão | 00010/2023;46;251700 - JOGO CHAVE;JOGO CHAVE, MATERIAL AÇO CROMO VANÁDIO, TIPO FIXA, QUANTIDADE PEÇAS 8, APLICAÇÃO MANUTENÇÃO EQUIPAMENTO MECÂNICO/ ELETRÔNICO, COMPONENTES 6X7, 8X9, 10X11, 12X13, 14X15, 16X17, 18X19, 20X2 2, ACABAMENTO SUPERFICIAL CROMADO;17/05/2024;2025-05-17 00:00:00; 160224 - PQ R MNT/5;10.0;19.225.144/0001-74 - JUMES ELETRO LTDA;31.94;5.0;https://contratos.sistema.gov.br/transparencia/compras/523532/itens/5148639/show;Pregão;10;2023;160224;Aquisição de insumos e ferramentas gerais para oficina, nos termos da tabela abaixo, conforme condições e exigências estabelecidas neste instrumento.;Jogo
160224 - Pregão | 00010/2023;50;605730 - JOGO CHAVE;"JOGO CHAVE, MATERIAL AÇO CROMO VANÁDIO, TIPO SOQUETE 1/2"" ESTRIADO, QUANTIDADE PEÇAS 22, APLICAÇÃO CONSERTOS EM GERAL, COMPONENTES 3/8, 7/16, 1/2, 9/16, 5/ 8, 11/16, 3/4, 13/16, 7/8 ,, ACESSÓRIOS MALETA, CABO T, EXTENSÃO 5POL, 10 POL, CATRACA";18/05/2024;2025-05-17 00:00:00; 160224 - PQ R MNT/5;5.0;46.988.889/0001-68 - 4 NINJAS COMERCIO E DISTRIBUICAO DE PRODUTOS LTDA;1138.23;5.0;https://contratos.sistema.gov.br/transparencia/compras/523532/itens/5148643/show;Pregão;10;2023;160224;Aquisição de insumos e ferramentas gerais para oficina, nos termos da tabela abaixo, conforme condições e exigências estabelecidas neste instrumento.;Unidade
160224 - Pregão | 00010/2023;53;405796 - JOGO CHAVE;JOGO CHAVE, MATERIAL AÇO, TIPO ESTRELA, QUANTIDADE PEÇAS 7, APLICAÇÃO OFICINA MECÂNICA/ CARPINTARIA, CARACTERÍSTICAS ADICIONAIS COM CATRACA MODELO PLANA, TAMANHO 8X9, 8X10, 10X11, 12X13, 14X15, 16X18 E 17X19 MM;17/05/2024;2025-05-17 00:00:00; 160224 - PQ R MNT/5;8.0;13.338.681/0001-44 - COMERCIAL SPONCHIADO LTDA;445.5;4.0;https://contratos.sistema.gov.br/transparencia/compras/523532/itens/5148646/show;Pregão;10;2023;160224;Aquisição de insumos e ferramentas gerais para oficina, nos termos da tabela abaixo, conforme condições e exigências estabelecidas neste instrumento.;Jogo
160224 - Pregão | 00010/2023;54;373705 - JOGO CHAVE;JOGO CHAVE, MATERIAL AÇO CROMO VANÁDIO, TIPO ESTRELA, QUANTIDADE PEÇAS 12, COMPONENTES 6X7,8X9,10X11,12X13,14X15,16X17,18X19,20X22,21X23 MM;18/05/2024;2025-05-17 00:00:00; 160224 - PQ R MNT/5;8.0;46.988.889/0001-68 - 4 NINJAS COMERCIO E DISTRIBUICAO DE PRODUTOS LTDA;229.53;8.0;https://contratos.sistema.gov.br/transparencia/compras/523532/itens/5148647/show;Pregão;10;2023;160224;Aquisição de insumos e ferramentas gerais para oficina, nos termos da tabela abaixo, conforme condições e exigências estabelecidas neste instrumento.;Jogo
160224 - Pregão | 00010/2023;55;328216 - JOGO CHAVE;JOGO CHAVE, MATERIAL AÇO CROMO VANÁDIO, TIPO FIXA, QUANTIDADE PEÇAS 8, COMPONENTES 6X7, 8X9, 10X11, 12X13, 14X15, 16X17, 18X19, 20X2 MM, ACABAMENTO SUPERFICIAL NIQUELADO E CROMADO;18/05/2024;2025-05-17 00:00:00; 160224 - PQ R MNT/5;8.0;46.988.889/0001-68 - 4 NINJAS COMERCIO E DISTRIBUICAO DE PRODUTOS LTDA;137.2;8.0;https://contratos.sistema.gov.br/transparencia/compras/523532/itens/5148648/show;Pregão;10;2023;160224;Aquisição de insumos e ferramentas gerais para oficina, nos termos da tabela abaixo, conforme condições e exigências estabelecidas neste instrumento.;Jogo
160224 - Pregão | 00010/2023;58;416686 - JOGO CHAVE;"JOGO CHAVE, MATERIAL AÇO CROMO VANÁDIO, TIPO SOQUETE 1/2"" ESTRIADO, QUANTIDADE PEÇAS 24, COMPONENTES MANIVELA/CABO T/EXTENSÃO: 5 E 10 POL/CATRACA/JUNT A";18/05/2024;2025-05-17 00:00:00; 160224 - PQ R MNT/5;8.0;46.988.889/0001-68 - 4 NINJAS COMERCIO E DISTRIBUICAO DE PRODUTOS LTDA;620.0;8.0;https://contratos.sistema.gov.br/transparencia/compras/523532/itens/5148651/show;Pregão;10;2023;160224;Aquisição de insumos e ferramentas gerais para oficina, nos termos da tabela abaixo, conforme condições e exigências estabelecidas neste instrumento.;Jogo
160224 - Pregão | 00010/2023;59;328216 - JOGO CHAVE;JOGO CHAVE, MATERIAL AÇO CROMO VANÁDIO, TIPO FIXA, QUANTIDADE PEÇAS 8, COMPONENTES 6X7, 8X9, 10X11, 12X13, 14X15, 16X17, 18X19, 20X2 MM, ACABAMENTO SUPERFICIAL NIQUELADO E CROMADO;18/05/2024;2025-05-17 00:00:00; 160224 - PQ R MNT/5;8.0;46.988.889/0001-68 - 4 NINJAS COMERCIO E DISTRIBUICAO DE PRODUTOS LTDA;135.81;8.0;https://contratos.sistema.gov.br/transparencia/compras/523532/itens/5148652/show;Pregão;10;2023;160224;Aquisição de insumos e ferramentas gerais para oficina, nos termos da tabela abaixo, conforme condições e exigências estabelecidas neste instrumento.;Jogo
160224 - Pregão | 00010/2023;61;236219 - DESENGRAXANTE;DESENGRAXANTE, ASPECTO FÍSICO PÓ, COMPOSIÇÃO HIDRÓXIDO DE SÓDIO E SAIS ALCALINOS, CARACTERÍSTICAS ADICIONAIS SOLÚVEL EM ÁGUA, APLICAÇÃO LIMPEZA PEÇAS DE ARMAMENTO;17/05/2024;2025-05-17 00:00:00; 160224 - PQ R MNT/5;10.0;36.374.350/0001-65 - DIOGO EMANUEL KUHN & CIA. LTDA;99.0;10.0;https://contratos.sistema.gov.br/transparencia/compras/523532/itens/5148654/show;Pregão;10;2023;160224;Aquisição de insumos e ferramentas gerais para oficina, nos termos da tabela abaixo, conforme condições e exigências estabelecidas neste instrumento.;Unidade
160224 - Pregão | 00010/2023;92;612432 - REFLETOR;REFLETOR, MATERIAL CORPO ALUMÍNIO, FORMATO RETANGULAR, TIPO LÂMPADA MICROLED, POTÊNCIA LÂMPADA 500 W, TENSÃO ALIMENTAÇÃO BIVOLT V;17/05/2024;2025-05-17 00:00:00; 160224 - PQ R MNT/5;20.0;13.338.681/0001-44 - COMERCIAL SPONCHIADO LTDA;90.09;20.0;https://contratos.sistema.gov.br/transparencia/compras/523532/itens/5148682/show;Pregão;10;2023;160224;Aquisição de insumos e ferramentas gerais para oficina, nos termos da tabela abaixo, conforme condições e exigências estabelecidas neste instrumento.;Unidade
160224 - Pregão | 00010/2023;93;482210 - CHAPA;CHAPA METAL FERROSO, MATERIAL POLIETILENO DE ALTA DENSIDADE, ESPESSURA 3 MM, COMPRIMENTO 2000 MM, LARGURA 1000 MM;17/05/2024;2025-05-17 00:00:00; 160224 - PQ R MNT/5;3.0;37.278.673/0001-18 - EREMASTER DISTRIBUIDORA DE FERRAGENS E FERRAMENTAS LTDA;317.74;3.0;https://contratos.sistema.gov.br/transparencia/compras/523532/itens/5148683/show;Pregão;10;2023;160224;Aquisição de insumos e ferramentas gerais para oficina, nos termos da tabela abaixo, conforme condições e exigências estabelecidas neste instrumento.;Unidade
160224 - Pregão | 00010/2023;94;482210 - CHAPA;CHAPA METAL FERROSO, MATERIAL POLIETILENO DE ALTA DENSIDADE, ESPESSURA 3 MM, COMPRIMENTO 2000 MM, LARGURA 1000 MM;17/05/2024;2025-05-17 00:00:00; 160224 - PQ R MNT/5;3.0;37.278.673/0001-18 - EREMASTER DISTRIBUIDORA DE FERRAGENS E FERRAMENTAS LTDA;593.82;3.0;https://contratos.sistema.gov.br/transparencia/compras/523532/itens/5148684/show;Pregão;10;2023;160224;Aquisição de insumos e ferramentas gerais para oficina, nos termos da tabela abaixo, conforme condições e exigências estabelecidas neste instrumento.;Unidade
160224 - Pregão | 00010/2023;95;604420 - PROLONGADOR PARAFUSO;PROLONGADOR PARAFUSO, MATERIAL AÇO ZINCADO, TIPO BARRA ROSCADA MÉTRICA, CARACTERÍSTICAS ADICIONAIS DIÂMETRO: M4, PASSO 0,7MM;17/05/2024;2025-05-17 00:00:00; 160224 - PQ R MNT/5;4.0;37.201.772/0001-00 - VIDOR & HEINECKE REPRESENTACOES COMERCIAIS LTDA;5.61;4.0;https://contratos.sistema.gov.br/transparencia/compras/523532/itens/5148685/show;Pregão;10;2023;160224;Aquisição de insumos e ferramentas gerais para oficina, nos termos da tabela abaixo, conforme condições e exigências estabelecidas neste instrumento.;Unidade
160224 - Pregão | 00010/2023;96;474487 - ÓLEO LUBRIFICANTE.;ÓLEO LUBRIFICANTE., ORIGEM MINERAL, VISCOSIDADE SAE 10W;17/05/2024;2025-05-17 00:00:00; 160224 - PQ R MNT/5;50.0;37.005.258/0001-90 - PETRO TRUCK DISTRIBUIDORA DE LUBRIFICANTES LTDA;305.42;40.0;https://contratos.sistema.gov.br/transparencia/compras/523532/itens/5148686/show;Pregão;10;2023;160224;Aquisição de insumos e ferramentas gerais para oficina, nos termos da tabela abaixo, conforme condições e exigências estabelecidas neste instrumento.;Balde 20,00 L
160224 - Pregão | 00011/2023;28;313274 - PISTOLA DESSOLDADORA;PISTOLA DESSOLDADORA, POTÊNCIA 70 W, TEMPERATURA 380 A 480 °C, APLICAÇÃO INFORMÁTICA, CARACTERÍSTICAS ADICIONAIS BOMBA DE DUPLO DIAFRAGMA;14/11/2023;2024-11-13 00:00:00; 160224 - PQ R MNT/5;5.0;35.236.131/0001-57 - GGV COMERCIAL LTDA;345.51;5.0;https://contratos.sistema.gov.br/transparencia/compras/468233/itens/4620535/show;Pregão;11;2023;160224;Aquisição de insumos, peças e ferramentas para a manutenção de gerador elétrico das Viaturas Blindadas Especiais Posto de Comando (VBE PC M577 A2).;Unidade
160224 - Pregão | 90001/2024;3;615945 - EQUIPAMENTO / ACESSÓRIO JATEAMENTO - AR COMPRIMIDO;EQUIPAMENTO / ACESSÓRIO JATEAMENTO - AR COMPRIMIDO, TIPO BICO DE JATO, MATERIAL AçO CARBONO, APLICAÇÃO GABINETE DE JATEAMENTO CMV-9075X, DIÂMETRO ROSCA 3,2 MM;24/04/2024;2025-04-23 00:00:00; 160224 - PQ R MNT/5;18.0;03.259.222/0001-11 - NORBLAST COMERCIO DE MAQUINAS, PECAS E SERVICOS LTDA;71.0;2.0;https://contratos.sistema.gov.br/transparencia/compras/513489/itens/5062492/show;Pregão;90001;2024;160224;Aquisição de insumos, peças e equipamentos para a realização das atividades na Oficina de Fosfatização de Armamento (tratamento superficial) do Parque Regional de Manutenção da 5ª Região Militar - Pq R Mnt/5.;Unidade
160224 - Pregão | 90001/2024;13;265538 - REMOVEDOR TINTA;REMOVEDOR TINTA, COMPONENTES SOLVENTES, SURFACTANTES, ALCALINIZANTES, ANTI- OXI-, MÉTODO APLICAÇÃO PINCEL, APLICAÇÃO LIMPEZA DE ARMAMENTO;07/05/2024;2025-05-06 00:00:00; 160224 - PQ R MNT/5;20.0;37.201.006/0001-37 - USIFAST MANUTENCAO INDUSTRIAL LTDA;760.0;20.0;https://contratos.sistema.gov.br/transparencia/compras/513489/itens/5111201/show;Pregão;90001;2024;160224;Aquisição de insumos, peças e equipamentos para a realização das atividades na Oficina de Fosfatização de Armamento (tratamento superficial) do Parque Regional de Manutenção da 5ª Região Militar - Pq R Mnt/5.;Unidade
160224 - Pregão | 90001/2024;14;616604 - BANCO;BANCO, MATERIAL AÇO, ALTURA 56 A 87 CM, ACABAMENTO CURVIM, COR PRETA, CARACTERÍSTICAS ADICIONAIS REGULAGEM DA ALTURA, COM LAUDO ERGONÔMICO, TIPO ASSENTO SEMI-SENTADO, LARGURA ASSENTO 36 CM;24/04/2024;2025-04-23 00:00:00; 160224 - PQ R MNT/5;8.0;29.216.954/0001-18 - SOLUCOES NORTE ENGENHARIA, CONSTRUCOES E COMERCIO LTDA;854.77;6.0;https://contratos.sistema.gov.br/transparencia/compras/513489/itens/5062500/show;Pregão;90001;2024;160224;Aquisição de insumos, peças e equipamentos para a realização das atividades na Oficina de Fosfatização de Armamento (tratamento superficial) do Parque Regional de Manutenção da 5ª Região Militar - Pq R Mnt/5.;Unidade
160224 - Pregão | 90001/2024;15;616125 - GABINETE JATEAMENTO AREIA;GABINETE JATEAMENTO AREIA, TIPO COM SISTEMA DE EXAUSTÃO, COMPONENTES LUMINÁRIA, VISOR, LUVAS, MANGAS, FILTRO, PISTOLA J, LARGURA 900 MM, PROFUNDIDADE 750 MM, ALTURA 700 MM, APLICAÇÃO JATEAMENTO, CARACTERÍSTICAS ADICIONAIS COLETOR DE PÓ TIPO CARTUCHO E LIMPEZA AUTOMÁTICA;24/04/2024;2025-04-23 00:00:00; 160224 - PQ R MNT/5;1.0;03.259.222/0001-11 - NORBLAST COMERCIO DE MAQUINAS, PECAS E SERVICOS LTDA;22000.0;1.0;https://contratos.sistema.gov.br/transparencia/compras/513489/itens/5062501/show;Pregão;90001;2024;160224;Aquisição de insumos, peças e equipamentos para a realização das atividades na Oficina de Fosfatização de Armamento (tratamento superficial) do Parque Regional de Manutenção da 5ª Região Militar - Pq R Mnt/5.;Unidade
160224 - Pregão | 90003/2024;1;440970 - ABRAÇADEIRA;"ABRAÇADEIRA, MATERIAL AÇO CARBONO, TIPO ""U"", DIÂMETRO AMARRAÇÃO 1 POL";25/05/2024;2025-05-25 00:00:00; 160224 - PQ R MNT/5;200.0;13.338.681/0001-44 - COMERCIAL SPONCHIADO LTDA;1.4;200.0;https://contratos.sistema.gov.br/transparencia/compras/528349/itens/5196862/show;Pregão;90003;2024;160224;Eventual aquisição de MATERIAL METÁLICO PARA MANUTENÇÃO DE BENS IMÓVEIS-CCALC;Unidade
160224 - Pregão | 90003/2024;2;282538 - ABRAÇADEIRA;ABRAÇADEIRA, MATERIAL METAL GALVANIZADO, APLICAÇÃO FIXAÇÃO MANGUEIRA, DIÂMETRO AMARRAÇÃO 2 POL;25/05/2024;2025-05-25 00:00:00; 160224 - PQ R MNT/5;200.0;07.645.527/0001-12 - BIGPAR COMERCIO DE PARAFUSOS, FERRAMENTAS E MATERIAIS ELETRICOS LTDA;2.7;200.0;https://contratos.sistema.gov.br/transparencia/compras/528349/itens/5196863/show;Pregão;90003;2024;160224;Eventual aquisição de MATERIAL METÁLICO PARA MANUTENÇÃO DE BENS IMÓVEIS-CCALC;Unidade
160224 - Pregão | 90003/2024;3;398522 - ABRAÇADEIRA;ABRAÇADEIRA, MATERIAL AÇO INOXIDÁVEL, TIPO ROSCA SEM FIM, DIÂMETRO AMARRAÇÃO 3 1/2 POL;25/05/2024;2025-05-25 00:00:00; 160224 - PQ R MNT/5;20.0;07.645.527/0001-12 - BIGPAR COMERCIO DE PARAFUSOS, FERRAMENTAS E MATERIAIS ELETRICOS LTDA;43.0;20.0;https://contratos.sistema.gov.br/transparencia/compras/528349/itens/5196864/show;Pregão;90003;2024;160224;Eventual aquisição de MATERIAL METÁLICO PARA MANUTENÇÃO DE BENS IMÓVEIS-CCALC;Pacote 10,00 UN
160224 - Pregão | 90003/2024;5;441646 - ARAME FARPADO;ARAME FARPADO, MATERIAL AÇO, DIÂMETRO 2,76 MM, TRATAMENTO SUPERFICIAL GALVANIZADO, CARACTERÍSTICAS ADICIONAIS CONCERTINA CLIPADA (DUPLA) 300MM;25/05/2024;2025-05-25 00:00:00; 160224 - PQ R MNT/5;300.0;14.221.952/0001-40 - METALURGICA SOUZA E MARTINS LTDA;10.39;300.0;https://contratos.sistema.gov.br/transparencia/compras/528349/itens/5196865/show;Pregão;90003;2024;160224;Eventual aquisição de MATERIAL METÁLICO PARA MANUTENÇÃO DE BENS IMÓVEIS-CCALC;Metro
160224 - Pregão | 90003/2024;6;441647 - ARAME FARPADO;ARAME FARPADO, MATERIAL AÇO, DIÂMETRO 2,76 MM, TRATAMENTO SUPERFICIAL GALVANIZADO, CARACTERÍSTICAS ADICIONAIS CONCERTINA SIMPLES 300MM;25/05/2024;2025-05-25 00:00:00; 160224 - PQ R MNT/5;300.0;14.221.952/0001-40 - METALURGICA SOUZA E MARTINS LTDA;7.92;300.0;https://contratos.sistema.gov.br/transparencia/compras/528349/itens/5196866/show;Pregão;90003;2024;160224;Eventual aquisição de MATERIAL METÁLICO PARA MANUTENÇÃO DE BENS IMÓVEIS-CCALC;Metro
160224 - Pregão | 90003/2024;7;336023 - ARAME GALVANIZADO;ARAME GALVANIZADO, MATERIAL AÇO CARBONO, TIPO Nº 16;25/05/2024;2025-05-24 00:00:00; 160224 - PQ R MNT/5;50.0;40.044.357/0001-96 - CJC COMERCIO VAREJISTA E ATACADISTA DE FERRAMENTAS LTDA;15.42;50.0;https://contratos.sistema.gov.br/transparencia/compras/528349/itens/5196867/show;Pregão;90003;2024;160224;Eventual aquisição de MATERIAL METÁLICO PARA MANUTENÇÃO DE BENS IMÓVEIS-CCALC;Quilograma
160224 - Pregão | 90003/2024;8;247711 - ARAME GALVANIZADO;ARAME GALVANIZADO, MATERIAL ARAME GALVANIZADO, TIPO Nº 18;25/05/2024;2025-05-24 00:00:00; 160224 - PQ R MNT/5;50.0;40.044.357/0001-96 - CJC COMERCIO VAREJISTA E ATACADISTA DE FERRAMENTAS LTDA;16.24;50.0;https://contratos.sistema.gov.br/transparencia/compras/528349/itens/5196868/show;Pregão;90003;2024;160224;Eventual aquisição de MATERIAL METÁLICO PARA MANUTENÇÃO DE BENS IMÓVEIS-CCALC;Quilograma
160224 - Pregão | 90003/2024;9;380038 - ARAME GALVANIZADO;ARAME GALVANIZADO, MATERIAL METAL, TIPO Nº 12;25/05/2024;2025-05-25 00:00:00; 160224 - PQ R MNT/5;50.0;43.731.740/0001-00 - FRONT COMERCIAL LTDA;14.12;50.0;https://contratos.sistema.gov.br/transparencia/compras/528349/itens/5196869/show;Pregão;90003;2024;160224;Eventual aquisição de MATERIAL METÁLICO PARA MANUTENÇÃO DE BENS IMÓVEIS-CCALC;Quilograma
160224 - Pregão | 90003/2024;10;471741 - ARAME GALVANIZADO;ARAME GALVANIZADO, MATERIAL METAL, TIPO Nº 14, DIÂMETRO FIO 2,10 MM;25/05/2024;2025-05-24 00:00:00; 160224 - PQ R MNT/5;50.0;40.044.357/0001-96 - CJC COMERCIO VAREJISTA E ATACADISTA DE FERRAMENTAS LTDA;14.1;50.0;https://contratos.sistema.gov.br/transparencia/compras/528349/itens/5196870/show;Pregão;90003;2024;160224;Eventual aquisição de MATERIAL METÁLICO PARA MANUTENÇÃO DE BENS IMÓVEIS-CCALC;Quilograma
160224 - Pregão | 90003/2024;11;443262 - PARAFUSO;PARAFUSO, MATERIAL BICROMATIZADO, TIPO CABEÇA CHATA, COMPRIMENTO 20 MM, DIÂMETRO 3,5 MM, CARACTERÍSTICAS ADICIONAIS FENDA PHILIPS, APLICAÇÃO MADEIRA;25/05/2024;2025-05-25 00:00:00; 160224 - PQ R MNT/5;1000.0;07.645.527/0001-12 - BIGPAR COMERCIO DE PARAFUSOS, FERRAMENTAS E MATERIAIS ELETRICOS LTDA;0.03;1000.0;https://contratos.sistema.gov.br/transparencia/compras/528349/itens/5196871/show;Pregão;90003;2024;160224;Eventual aquisição de MATERIAL METÁLICO PARA MANUTENÇÃO DE BENS IMÓVEIS-CCALC;Unidade
160224 - Pregão | 90003/2024;12;443267 - PARAFUSO;PARAFUSO, MATERIAL BICROMATIZADO, TIPO CABEÇA CHATA, COMPRIMENTO 45 MM, DIÂMETRO 4 MM, CARACTERÍSTICAS ADICIONAIS FENDA PHILIPS, APLICAÇÃO MADEIRA;25/05/2024;2025-05-25 00:00:00; 160224 - PQ R MNT/5;2.0;07.645.527/0001-12 - BIGPAR COMERCIO DE PARAFUSOS, FERRAMENTAS E MATERIAIS ELETRICOS LTDA;31.0;2.0;https://contratos.sistema.gov.br/transparencia/compras/528349/itens/5196872/show;Pregão;90003;2024;160224;Eventual aquisição de MATERIAL METÁLICO PARA MANUTENÇÃO DE BENS IMÓVEIS-CCALC;Caixa 500,00 UN
160224 - Pregão | 90003/2024;13;443269 - PARAFUSO;PARAFUSO, MATERIAL BICROMATIZADO, TIPO CABEÇA CHATA, COMPRIMENTO 60 MM, DIÂMETRO 4 MM, CARACTERÍSTICAS ADICIONAIS FENDA PHILIPS, APLICAÇÃO MADEIRA;25/05/2024;2025-05-25 00:00:00; 160224 - PQ R MNT/5;500.0;07.645.527/0001-12 - BIGPAR COMERCIO DE PARAFUSOS, FERRAMENTAS E MATERIAIS ELETRICOS LTDA;0.16;500.0;https://contratos.sistema.gov.br/transparencia/compras/528349/itens/5196873/show;Pregão;90003;2024;160224;Eventual aquisição de MATERIAL METÁLICO PARA MANUTENÇÃO DE BENS IMÓVEIS-CCALC;Unidade
160224 - Pregão | 90003/2024;14;239119 - BUCHA PARAFUSO;BUCHA PARAFUSO, MATERIAL NÁILON, TAMANHO S-10;25/05/2024;2025-05-25 00:00:00; 160224 - PQ R MNT/5;1000.0;07.645.527/0001-12 - BIGPAR COMERCIO DE PARAFUSOS, FERRAMENTAS E MATERIAIS ELETRICOS LTDA;0.14;1000.0;https://contratos.sistema.gov.br/transparencia/compras/528349/itens/5196874/show;Pregão;90003;2024;160224;Eventual aquisição de MATERIAL METÁLICO PARA MANUTENÇÃO DE BENS IMÓVEIS-CCALC;Unidade
160224 - Pregão | 90003/2024;15;249218 - BUCHA PARAFUSO;BUCHA PARAFUSO, MATERIAL NÁILON, TAMANHO S-8;25/05/2024;2025-05-25 00:00:00; 160224 - PQ R MNT/5;1000.0;07.645.527/0001-12 - BIGPAR COMERCIO DE PARAFUSOS, FERRAMENTAS E MATERIAIS ELETRICOS LTDA;0.1;1000.0;https://contratos.sistema.gov.br/transparencia/compras/528349/itens/5196875/show;Pregão;90003;2024;160224;Eventual aquisição de MATERIAL METÁLICO PARA MANUTENÇÃO DE BENS IMÓVEIS-CCALC;Unidade
160224 - Pregão | 90003/2024;16;318018 - BUCHA PARAFUSO;BUCHA PARAFUSO, MATERIAL PLÁSTICO, TAMANHO S-6;25/05/2024;2025-05-25 00:00:00; 160224 - PQ R MNT/5;2.0;07.645.527/0001-12 - BIGPAR COMERCIO DE PARAFUSOS, FERRAMENTAS E MATERIAIS ELETRICOS LTDA;18.0;2.0;https://contratos.sistema.gov.br/transparencia/compras/528349/itens/5196876/show;Pregão;90003;2024;160224;Eventual aquisição de MATERIAL METÁLICO PARA MANUTENÇÃO DE BENS IMÓVEIS-CCALC;Milheiro
160224 - Pregão | 90003/2024;18;266338 - CANTONEIRA METAL FERROSO;"CANTONEIRA METAL FERROSO, MATERIAL FERRO, LARGURA ABAS IGUAIS 3/4"" POL, ESPESSURA 1/8 POL, COMPRIMENTO 6 M";25/05/2024;2025-05-25 00:00:00; 160224 - PQ R MNT/5;20.0;37.405.049/0001-34 - VILA METAL COMERCIO LTDA;44.24;20.0;https://contratos.sistema.gov.br/transparencia/compras/528349/itens/5196877/show;Pregão;90003;2024;160224;Eventual aquisição de MATERIAL METÁLICO PARA MANUTENÇÃO DE BENS IMÓVEIS-CCALC;Metro
160224 - Pregão | 90003/2024;19;468763 - CONJUNTO BROCA;CONJUNTO BROCA, MATERIAL AÇO, APLICAÇÃO MADEIRA, COMPONENTES 7 PEÇAS DE 3, 4, 5, 6, 7, 8 E 10MM, TIPO CILÍNDRICA COM 3 PONTAS;25/05/2024;2025-05-24 00:00:00; 160224 - PQ R MNT/5;12.0;40.044.357/0001-96 - CJC COMERCIO VAREJISTA E ATACADISTA DE FERRAMENTAS LTDA;11.75;12.0;https://contratos.sistema.gov.br/transparencia/compras/528349/itens/5196878/show;Pregão;90003;2024;160224;Eventual aquisição de MATERIAL METÁLICO PARA MANUTENÇÃO DE BENS IMÓVEIS-CCALC;Unidade
160224 - Pregão | 90003/2024;20;468764 - CONJUNTO BROCA;CONJUNTO BROCA, MATERIAL VÍDEA, APLICAÇÃO CONCRETO, COMPONENTES 8 PEÇAS DE 3, 4, 5, 6, 7, 8, 9 E 10MM;25/05/2024;2025-05-25 00:00:00; 160224 - PQ R MNT/5;12.0;13.338.681/0001-44 - COMERCIAL SPONCHIADO LTDA;15.0;12.0;https://contratos.sistema.gov.br/transparencia/compras/528349/itens/5196879/show;Pregão;90003;2024;160224;Eventual aquisição de MATERIAL METÁLICO PARA MANUTENÇÃO DE BENS IMÓVEIS-CCALC;Unidade
160224 - Pregão | 90003/2024;21;473176 - DOBRADIÇA PORTA;DOBRADIÇA PORTA, MATERIAL LATÃO, ALTURA 3 POL, LARGURA 2 1/2 POL;25/05/2024;2025-05-24 00:00:00; 160224 - PQ R MNT/5;30.0;40.044.357/0001-96 - CJC COMERCIO VAREJISTA E ATACADISTA DE FERRAMENTAS LTDA;13.8;30.0;https://contratos.sistema.gov.br/transparencia/compras/528349/itens/5196880/show;Pregão;90003;2024;160224;Eventual aquisição de MATERIAL METÁLICO PARA MANUTENÇÃO DE BENS IMÓVEIS-CCALC;Pacote 3,00 UN
160224 - Pregão | 90003/2024;23;265078 - ARAME GALVANIZADO;ARAME GALVANIZADO, MATERIAL METAL, TIPO Nº 14;25/05/2024;2025-05-24 00:00:00; 160224 - PQ R MNT/5;50.0;40.044.357/0001-96 - CJC COMERCIO VAREJISTA E ATACADISTA DE FERRAMENTAS LTDA;17.12;50.0;https://contratos.sistema.gov.br/transparencia/compras/528349/itens/5196881/show;Pregão;90003;2024;160224;Eventual aquisição de MATERIAL METÁLICO PARA MANUTENÇÃO DE BENS IMÓVEIS-CCALC;Quilograma
160224 - Pregão | 90003/2024;24;395433 - FECHADURA;FECHADURA, MATERIAL CAIXA METAL, COMPONENTES DUAS CHAVES, TIPO TETRA, APLICAÇÃO PORTA;25/05/2024;2025-05-25 00:00:00; 160224 - PQ R MNT/5;20.0;43.892.634/0001-09 - BRAVE DISTRIBUIDORA LTDA;51.48;20.0;https://contratos.sistema.gov.br/transparencia/compras/528349/itens/5196882/show;Pregão;90003;2024;160224;Eventual aquisição de MATERIAL METÁLICO PARA MANUTENÇÃO DE BENS IMÓVEIS-CCALC;Unidade
160224 - Pregão | 90003/2024;25;406257 - FECHADURA;FECHADURA, MATERIAL CAIXA LATÃO, MATERIAL LINGUETA LATÃO, ACABAMENTO SUPERFICIAL CROMADO BRILHANTE, MATERIAL TAMBOR SEGREDO LATÃO, CARACTERÍSTICAS ADICIONAIS CILINDRO OVAL COM 5 PINOS, TIPO EXTERNA, APLICAÇÃO PORTA, COMPRIMENTO 15,50 CM, ALTURA 22,40 CM, ESPESSURA 2,50 CM;25/05/2024;2025-05-25 00:00:00; 160224 - PQ R MNT/5;20.0;08.658.622/0001-13 - J. J. VITALLI;47.42;20.0;https://contratos.sistema.gov.br/transparencia/compras/528349/itens/5196883/show;Pregão;90003;2024;160224;Eventual aquisição de MATERIAL METÁLICO PARA MANUTENÇÃO DE BENS IMÓVEIS-CCALC;Unidade
160224 - Pregão | 90003/2024;26;432887 - REBITE POP;REBITE POP, MATERIAL ALUMÍNIO, TIPO REPUXO, DIÂMETRO CORPO 4 MM, COMPRIMENTO 10 MM;25/05/2024;2025-05-25 00:00:00; 160224 - PQ R MNT/5;500.0;13.338.681/0001-44 - COMERCIAL SPONCHIADO LTDA;0.07;500.0;https://contratos.sistema.gov.br/transparencia/compras/528349/itens/5196884/show;Pregão;90003;2024;160224;Eventual aquisição de MATERIAL METÁLICO PARA MANUTENÇÃO DE BENS IMÓVEIS-CCALC;Unidade
160224 - Pregão | 90003/2024;27;319855 - TELA METÁLICA;TELA METÁLICA, MATERIAL AÇO GALVANIZADO, TIPO TELA SOLDADA, TIPO ABERTURA MALHA QUADRANGULAR, TAMANHO ABERTURA MALHA 15 X 15 CM, DIÂMETRO FIO 4,20 MM, COMPRIMENTO 3 M, ALTURA 2 M, APLICAÇÃO CONSTRUÇÃO CIVIL, CARACTERÍSTICAS ADICIONAIS FABRICAÇÃO DE ACORDO NORMAS ABNT;25/05/2024;2025-05-25 00:00:00; 160224 - PQ R MNT/5;20.0;16.864.240/0001-74 - JCV COMERCIAL E DISTRIBUIDORA LTDA;100.0;20.0;https://contratos.sistema.gov.br/transparencia/compras/528349/itens/5196885/show;Pregão;90003;2024;160224;Eventual aquisição de MATERIAL METÁLICO PARA MANUTENÇÃO DE BENS IMÓVEIS-CCALC;Unidade
160224 - Pregão | 90003/2024;28;278044 - TELA METÁLICA;TELA METÁLICA, MATERIAL ARAME GALVANIZADO, TIPO TELA ALAMBRADO, TIPO ABERTURA MALHA LOSANGULAR, TAMANHO ABERTURA MALHA 100 X 50 MM, DIÂMETRO FIO 2,20 MM, COMPRIMENTO 25 M, ALTURA 1,50 M;25/05/2024;2025-05-25 00:00:00; 160224 - PQ R MNT/5;4.0;41.278.073/0001-27 - MP COMERCIO DE TELAS E FERRAGENS LTDA;750.0;4.0;https://contratos.sistema.gov.br/transparencia/compras/528349/itens/5196886/show;Pregão;90003;2024;160224;Eventual aquisição de MATERIAL METÁLICO PARA MANUTENÇÃO DE BENS IMÓVEIS-CCALC;Rolo 25,00 M
160224 - Pregão | 90003/2024;29;444715 - TELHA;TELHA, MATERIAL ALUMÍNIO E ZINCO, TIPO TRAPEZOIDAL, COMPRIMENTO 5 M, LARGURA 1,10 M;25/05/2024;2025-05-25 00:00:00; 160224 - PQ R MNT/5;50.0;44.207.436/0001-21 - JORDAO LICITACOES E SERVICOS LTDA;188.1;50.0;https://contratos.sistema.gov.br/transparencia/compras/528349/itens/5196887/show;Pregão;90003;2024;160224;Eventual aquisição de MATERIAL METÁLICO PARA MANUTENÇÃO DE BENS IMÓVEIS-CCALC;Unidade
160224 - Pregão | 90003/2024;30;450336 - TELHA;TELHA, MATERIAL ZINCO, TIPO TRAPEZOIDAL, COMPRIMENTO 2,20 M, LARGURA 110 M;25/05/2024;2025-05-25 00:00:00; 160224 - PQ R MNT/5;50.0;44.207.436/0001-21 - JORDAO LICITACOES E SERVICOS LTDA;87.12;50.0;https://contratos.sistema.gov.br/transparencia/compras/528349/itens/5196888/show;Pregão;90003;2024;160224;Eventual aquisição de MATERIAL METÁLICO PARA MANUTENÇÃO DE BENS IMÓVEIS-CCALC;Unidade
160224 - Pregão | 90003/2024;31;441409 - VERGALHÃO;VERGALHÃO, MATERIAL AÇO CARBONO, BITOLA 1/2 POL, COMPRIMENTO 1 M, CARACTERÍSTICAS ADICIONAIS ROSCADO;25/05/2024;2025-05-25 00:00:00; 160224 - PQ R MNT/5;30.0;07.645.527/0001-12 - BIGPAR COMERCIO DE PARAFUSOS, FERRAMENTAS E MATERIAIS ELETRICOS LTDA;27.24;30.0;https://contratos.sistema.gov.br/transparencia/compras/528349/itens/5196889/show;Pregão;90003;2024;160224;Eventual aquisição de MATERIAL METÁLICO PARA MANUTENÇÃO DE BENS IMÓVEIS-CCALC;Unidade
160224 - Pregão | 90003/2024;32;236983 - VERGALHÃO ARMAÇÃO CONCRETO;VERGALHÃO ARMAÇÃO CONCRETO, MATERIAL FERRO, TIPO CA-50, COMPRIMENTO 12 M, BITOLA 1/4 POL, APLICAÇÃO ARMAÇÃO VIGAS/PILARES E LAJES;25/05/2024;2025-05-25 00:00:00; 160224 - PQ R MNT/5;50.0;18.955.309/0001-09 - BERINA COMERCIAL IMPORTADORA LTDA;23.0;50.0;https://contratos.sistema.gov.br/transparencia/compras/528349/itens/5196890/show;Pregão;90003;2024;160224;Eventual aquisição de MATERIAL METÁLICO PARA MANUTENÇÃO DE BENS IMÓVEIS-CCALC;Barra 12,00 M
160224 - Pregão | 90003/2024;33;290432 - PREGO COM CABEÇA;PREGO COM CABEÇA, MATERIAL FERRO COMUM, TIPO CABEÇA LISO, TIPO CORPO LISO, TIPO PONTA COMUM, ACABAMENTO SUPERFICIAL POLIDO, BITOLA 10 X 10;25/05/2024;2025-05-25 00:00:00; 160224 - PQ R MNT/5;5.0;18.955.309/0001-09 - BERINA COMERCIAL IMPORTADORA LTDA;20.0;5.0;https://contratos.sistema.gov.br/transparencia/compras/528349/itens/5196891/show;Pregão;90003;2024;160224;Eventual aquisição de MATERIAL METÁLICO PARA MANUTENÇÃO DE BENS IMÓVEIS-CCALC;Quilograma
160224 - Pregão | 90003/2024;34;372868 - PREGO SEM CABEÇA;PREGO SEM CABEÇA, MATERIAL AÇO CARBONO, TIPO PONTA NORMAL, BITOLA 12 X 12;25/05/2024;2025-05-25 00:00:00; 160224 - PQ R MNT/5;5.0;18.955.309/0001-09 - BERINA COMERCIAL IMPORTADORA LTDA;20.0;5.0;https://contratos.sistema.gov.br/transparencia/compras/528349/itens/5196892/show;Pregão;90003;2024;160224;Eventual aquisição de MATERIAL METÁLICO PARA MANUTENÇÃO DE BENS IMÓVEIS-CCALC;Quilograma
160224 - Pregão | 90003/2024;35;317910 - PREGO COM CABEÇA;PREGO COM CABEÇA, MATERIAL AÇO, TIPO CABEÇA CHATA, TIPO CORPO LISO, TIPO PONTA COMUM, BITOLA 17 X 27;25/05/2024;2025-05-25 00:00:00; 160224 - PQ R MNT/5;30.0;18.955.309/0001-09 - BERINA COMERCIAL IMPORTADORA LTDA;12.0;30.0;https://contratos.sistema.gov.br/transparencia/compras/528349/itens/5196893/show;Pregão;90003;2024;160224;Eventual aquisição de MATERIAL METÁLICO PARA MANUTENÇÃO DE BENS IMÓVEIS-CCALC;Quilograma
160224 - Pregão | 90003/2024;36;335587 - PREGO SEM CABEÇA;PREGO SEM CABEÇA, MATERIAL AÇO CARBONO, BITOLA 13 X 18;25/05/2024;2025-05-25 00:00:00; 160224 - PQ R MNT/5;10.0;18.955.309/0001-09 - BERINA COMERCIAL IMPORTADORA LTDA;17.0;10.0;https://contratos.sistema.gov.br/transparencia/compras/528349/itens/5196894/show;Pregão;90003;2024;160224;Eventual aquisição de MATERIAL METÁLICO PARA MANUTENÇÃO DE BENS IMÓVEIS-CCALC;Quilograma
160224 - Pregão | 90003/2024;37;443410 - PREGO COM CABEÇA;PREGO COM CABEÇA, MATERIAL ARAME, TIPO CABEÇA CÔNICA AXADREZADA, TIPO CORPO LISO, TIPO PONTA DIAMANTE, ACABAMENTO SUPERFICIAL POLIDO, BITOLA 25 X 72;25/05/2024;2025-05-25 00:00:00; 160224 - PQ R MNT/5;5.0;18.955.309/0001-09 - BERINA COMERCIAL IMPORTADORA LTDA;14.5;5.0;https://contratos.sistema.gov.br/transparencia/compras/528349/itens/5196895/show;Pregão;90003;2024;160224;Eventual aquisição de MATERIAL METÁLICO PARA MANUTENÇÃO DE BENS IMÓVEIS-CCALC;Quilograma
160224 - Pregão | 90003/2024;38;214383 - PREGO COM CABEÇA;PREGO COM CABEÇA, MATERIAL ARAME PARA PREGO, TIPO CABEÇA CÔNICA AXADREZADA, TIPO CORPO LISO, TIPO PONTA DIAMANTE, ACABAMENTO SUPERFICIAL POLIDO, BITOLA 19 X 36;25/05/2024;2025-05-25 00:00:00; 160224 - PQ R MNT/5;5.0;18.955.309/0001-09 - BERINA COMERCIAL IMPORTADORA LTDA;14.0;5.0;https://contratos.sistema.gov.br/transparencia/compras/528349/itens/5196896/show;Pregão;90003;2024;160224;Eventual aquisição de MATERIAL METÁLICO PARA MANUTENÇÃO DE BENS IMÓVEIS-CCALC;Quilograma
160224 - Pregão | 90003/2024;39;467371 - PARAFUSO ROSCA MADEIRA;PARAFUSO ROSCA MADEIRA, MATERIAL AÇO CARBONO, TIPO CABEÇA CHATA, TIPO FENDA PHILLIPS, DIÂMETRO CORPO 3,50 MM, COMPRIMENTO 25 MM;25/05/2024;2025-05-25 00:00:00; 160224 - PQ R MNT/5;2.0;08.658.622/0001-13 - J. J. VITALLI;19.8;2.0;https://contratos.sistema.gov.br/transparencia/compras/528349/itens/5196897/show;Pregão;90003;2024;160224;Eventual aquisição de MATERIAL METÁLICO PARA MANUTENÇÃO DE BENS IMÓVEIS-CCALC;Caixa 500,00 UN
160224 - Pregão | 90003/2024;40;364775 - PARAFUSO AUTO-ATARRAXANTE;PARAFUSO AUTO-ATARRAXANTE, MATERIAL AÇO CARBONO, TRATAMENTO SUPERFICIAL ZINCADO, TIPO CABEÇA PANELA, TIPO FENDA RETA, DIÂMETRO CORPO 4,20 MM, COMPRIMENTO 32 MM;25/05/2024;2025-05-25 00:00:00; 160224 - PQ R MNT/5;500.0;07.645.527/0001-12 - BIGPAR COMERCIO DE PARAFUSOS, FERRAMENTAS E MATERIAIS ELETRICOS LTDA;0.15;500.0;https://contratos.sistema.gov.br/transparencia/compras/528349/itens/5196898/show;Pregão;90003;2024;160224;Eventual aquisição de MATERIAL METÁLICO PARA MANUTENÇÃO DE BENS IMÓVEIS-CCALC;Unidade
160224 - Pregão | 90003/2024;41;340989 - PARAFUSO;PARAFUSO, MATERIAL LATÃO, CARACTERÍSTICAS ADICIONAIS COM BUCHA S8, APLICAÇÃO CONCRETO;25/05/2024;2025-05-25 00:00:00; 160224 - PQ R MNT/5;500.0;13.338.681/0001-44 - COMERCIAL SPONCHIADO LTDA;0.32;500.0;https://contratos.sistema.gov.br/transparencia/compras/528349/itens/5196899/show;Pregão;90003;2024;160224;Eventual aquisição de MATERIAL METÁLICO PARA MANUTENÇÃO DE BENS IMÓVEIS-CCALC;Unidade
160224 - Pregão | 90003/2024;42;254066 - PARAFUSO COM BUCHA E PORCA;PARAFUSO COM BUCHA E PORCA, MATERIAL LATÃO, REFERÊNCIA BUCHA Nº 10, TIPO PORCA CASTELO;25/05/2024;2025-05-25 00:00:00; 160224 - PQ R MNT/5;300.0;07.645.527/0001-12 - BIGPAR COMERCIO DE PARAFUSOS, FERRAMENTAS E MATERIAIS ELETRICOS LTDA;1.05;300.0;https://contratos.sistema.gov.br/transparencia/compras/528349/itens/5196900/show;Pregão;90003;2024;160224;Eventual aquisição de MATERIAL METÁLICO PARA MANUTENÇÃO DE BENS IMÓVEIS-CCALC;Unidade
160224 - Pregão | 90003/2024;43;369300 - PARAFUSO;PARAFUSO, MATERIAL GALVANIZADO, TIPO CABEÇA SEXTAVADA, COMPRIMENTO 85 MM, DIÂMETRO 8 MM, APLICAÇÃO TELHA FIBROCIMENTO, TIPO ROSCA SOBERBA;25/05/2024;2025-05-25 00:00:00; 160224 - PQ R MNT/5;100.0;07.645.527/0001-12 - BIGPAR COMERCIO DE PARAFUSOS, FERRAMENTAS E MATERIAIS ELETRICOS LTDA;1.6;100.0;https://contratos.sistema.gov.br/transparencia/compras/528349/itens/5196901/show;Pregão;90003;2024;160224;Eventual aquisição de MATERIAL METÁLICO PARA MANUTENÇÃO DE BENS IMÓVEIS-CCALC;Unidade
160224 - Pregão | 90003/2024;44;369299 - PARAFUSO;PARAFUSO, MATERIAL GALVANIZADO, TIPO CABEÇA SEXTAVADA, COMPRIMENTO 250 MM, DIÂMETRO 8 MM, APLICAÇÃO TELHA FIBROCIMENTO, TIPO ROSCA SOBERBA;25/05/2024;2025-05-25 00:00:00; 160224 - PQ R MNT/5;1000.0;07.645.527/0001-12 - BIGPAR COMERCIO DE PARAFUSOS, FERRAMENTAS E MATERIAIS ELETRICOS LTDA;1.78;1000.0;https://contratos.sistema.gov.br/transparencia/compras/528349/itens/5196902/show;Pregão;90003;2024;160224;Eventual aquisição de MATERIAL METÁLICO PARA MANUTENÇÃO DE BENS IMÓVEIS-CCALC;Unidade
160224 - Pregão | 90003/2024;45;304929 - PORTA-CADEADO;PORTA-CADEADO, MATERIAL FERRO, TRATAMENTO SUPERFICIAL ZINCADO, COMPRIMENTO 64 MM, ALTURA 30 MM, ESPESSURA 2 MM;25/05/2024;2025-05-25 00:00:00; 160224 - PQ R MNT/5;20.0;08.658.622/0001-13 - J. J. VITALLI;2.2;20.0;https://contratos.sistema.gov.br/transparencia/compras/528349/itens/5196903/show;Pregão;90003;2024;160224;Eventual aquisição de MATERIAL METÁLICO PARA MANUTENÇÃO DE BENS IMÓVEIS-CCALC;Unidade
160224 - Pregão | 90003/2024;48;450770 - CONJUNTO MANIFOLD;CONJUNTO MANIFOLD, COMPONENTES CONJUNTO DE VÁLVULAS E 2 MANôMETROS, APLICAÇÃO GASES R22- R134A- R404A- R407C;25/05/2024;2025-05-25 00:00:00; 160224 - PQ R MNT/5;2.0;07.645.527/0001-12 - BIGPAR COMERCIO DE PARAFUSOS, FERRAMENTAS E MATERIAIS ELETRICOS LTDA;237.19;2.0;https://contratos.sistema.gov.br/transparencia/compras/528349/itens/5196904/show;Pregão;90003;2024;160224;Eventual aquisição de MATERIAL METÁLICO PARA MANUTENÇÃO DE BENS IMÓVEIS-CCALC;Unidade
160224 - Pregão | 90003/2024;49;343779 - CONJUNTO FLANGEADOR;CONJUNTO FLANGEADOR, COMPONENTES CORPO BASE/MORDENTE/PONTEIRAS/CORTADOR TUBO, APLICAÇÃO TUBULAÇÃO METÁLICA, SISTEMA MEDIDIDA MORDENTE MÉTRICO, SISTEMA MEDIDA PONTEIRAS MÉTRICO, CARACTERÍSTICAS ADICIONAIS ALARGADOR DE TUBO 1/8 POL A 3/4 POL;25/05/2024;2025-05-25 00:00:00; 160224 - PQ R MNT/5;2.0;07.645.527/0001-12 - BIGPAR COMERCIO DE PARAFUSOS, FERRAMENTAS E MATERIAIS ELETRICOS LTDA;276.0;2.0;https://contratos.sistema.gov.br/transparencia/compras/528349/itens/5196905/show;Pregão;90003;2024;160224;Eventual aquisição de MATERIAL METÁLICO PARA MANUTENÇÃO DE BENS IMÓVEIS-CCALC;Unidade
160224 - Pregão | 90003/2024;50;245546 - PULVERIZADOR COSTAL MANUAL;PULVERIZADOR COSTAL MANUAL, MATERIAL TANQUE POLIETILENO, CAPACIDADE TANQUE 5 L , PESO BRUTO MÁXIMO 8 KG, APLICAÇÃO PULVERIZAÇÃO DE GASES E LÍQUIDOS;25/05/2024;2025-05-25 00:00:00; 160224 - PQ R MNT/5;4.0;36.181.473/0001-80 - BIDDEN COMERCIAL LTDA.;69.5;4.0;https://contratos.sistema.gov.br/transparencia/compras/528349/itens/5196906/show;Pregão;90003;2024;160224;Eventual aquisição de MATERIAL METÁLICO PARA MANUTENÇÃO DE BENS IMÓVEIS-CCALC;Unidade
160224 - Pregão | 90003/2024;51;233330 - TORNEIRA;TORNEIRA, MATERIAL CORPO LATÃO, TIPO PIA, DIÂMETRO 1/2 POL, ACABAMENTO SUPERFICIAL CROMADO, CARACTERISTICAS ADICIONAIS COM BICA MÓVEL LONGA E BICO AREJADOR;25/05/2024;2025-05-25 00:00:00; 160224 - PQ R MNT/5;30.0;42.883.960/0001-97 - SZATA COMERCIO VAREJISTA LTDA;30.59;30.0;https://contratos.sistema.gov.br/transparencia/compras/528349/itens/5196907/show;Pregão;90003;2024;160224;Eventual aquisição de MATERIAL METÁLICO PARA MANUTENÇÃO DE BENS IMÓVEIS-CCALC;Unidade
160224 - Pregão | 90003/2024;52;249819 - TORNEIRA;TORNEIRA, MATERIAL CORPO METAL, TIPO PIA, DIÂMETRO 1/2 POL, ACABAMENTO SUPERFICIAL CROMADO, CARACTERISTICAS ADICIONAIS CURTA, APLICAÇÃO PIA;25/05/2024;2025-05-25 00:00:00; 160224 - PQ R MNT/5;30.0;08.658.622/0001-13 - J. J. VITALLI;27.72;30.0;https://contratos.sistema.gov.br/transparencia/compras/528349/itens/5196908/show;Pregão;90003;2024;160224;Eventual aquisição de MATERIAL METÁLICO PARA MANUTENÇÃO DE BENS IMÓVEIS-CCALC;Unidade
160224 - Pregão | 90003/2024;53;371770 - CADEADO;CADEADO, MATERIAL LATÃO MACIÇO, MATERIAL HASTE AÇO CEMENTADO/CROMADO, ALTURA 78 MM, LARGURA 50 MM, CARACTERÍSTICAS ADICIONAIS 2 CHAVES EM LATÃO NIQUELADO/ TRAVA DUPLA;25/05/2024;2025-05-25 00:00:00; 160224 - PQ R MNT/5;20.0;07.645.527/0001-12 - BIGPAR COMERCIO DE PARAFUSOS, FERRAMENTAS E MATERIAIS ELETRICOS LTDA;17.0;20.0;https://contratos.sistema.gov.br/transparencia/compras/528349/itens/5196909/show;Pregão;90003;2024;160224;Eventual aquisição de MATERIAL METÁLICO PARA MANUTENÇÃO DE BENS IMÓVEIS-CCALC;Unidade
160224 - Pregão | 90003/2024;56;486738 - PEÇA / COMPONENTE ROÇADEIRA;PEÇA / COMPONENTE ROÇADEIRA, TIPO VELA, APLICAÇÃO ROÇADEIRA STIHL FS 350, CARACTERíSTICAS ADICIONAIS IGNIÇÃO BPMR7A NGK;25/05/2024;2025-05-25 00:00:00; 160224 - PQ R MNT/5;10.0;37.087.255/0001-43 - REALIZA COMERCIO E SERVICOS LTDA;23.45;10.0;https://contratos.sistema.gov.br/transparencia/compras/528349/itens/5196911/show;Pregão;90003;2024;160224;Eventual aquisição de MATERIAL METÁLICO PARA MANUTENÇÃO DE BENS IMÓVEIS-CCALC;Unidade
160224 - Pregão | 90003/2024;57;302420 - FACÃO;FACÃO, MATERIAL LÂMINA AÇO, MATERIAL CABO MADEIRA, COMPRIMENTO 18 POL, TIPO PARA MATO, CARACTERÍSTICAS ADICIONAIS COM BAINHA, MATERIAL BAINHA COURO, COMPRIMENTO CABO 12 CM;25/05/2024;2025-05-25 00:00:00; 160224 - PQ R MNT/5;10.0;43.892.634/0001-09 - BRAVE DISTRIBUIDORA LTDA;40.0;10.0;https://contratos.sistema.gov.br/transparencia/compras/528349/itens/5196912/show;Pregão;90003;2024;160224;Eventual aquisição de MATERIAL METÁLICO PARA MANUTENÇÃO DE BENS IMÓVEIS-CCALC;Unidade
160224 - Pregão | 90003/2024;58;356080 - PEÇA / COMPONENTE ROÇADEIRA;PEÇA / COMPONENTE ROÇADEIRA, TIPO CABEÇOTE DE CORTE, APLICAÇÃO ROÇADEIRA COSTAL STIHL FS 220, CARACTERíSTICAS ADICIONAIS CONJUNTO DE CORTE TRIMCUT 40- 2;25/05/2024;2025-05-25 00:00:00; 160224 - PQ R MNT/5;10.0;45.332.828/0001-85 - LICITA INVEST - ASSESSORIA COMERCIAL LTDA;30.0;10.0;https://contratos.sistema.gov.br/transparencia/compras/528349/itens/5196913/show;Pregão;90003;2024;160224;Eventual aquisição de MATERIAL METÁLICO PARA MANUTENÇÃO DE BENS IMÓVEIS-CCALC;Unidade
160224 - Pregão | 90004/2024;6;601273 - ADITIVO RADIADOR;ADITIVO RADIADOR, CARACTERÍSTICAS ADICIONAIS NORMAS SAE J 1034 E NBR 13705, APLICAÇÃO RADIADOR AUTOMOTIVO, COMPONENTES MONOETILENO GLICOL COM INIBIDORES ORGÂNICOS;04/07/2024;2025-07-04 00:00:00; 160224 - PQ R MNT/5;30.0;51.560.442/0001-23 - DUFILTER DISTRIBUIDORA DE FILTROS E LUBRIFICANTES LTDA;154.95;10.0;https://contratos.sistema.gov.br/transparencia/compras/539777/itens/5303513/show;Pregão;90004;2024;160224;Aquisição de graxas, óleos e lubrificantes para a manuntenção das viaturas blindadas do Parque Regional de Manunteção/5.;Galão 20,00 L
160224 - Pregão | 90004/2024;7;478331 - QUEROSENE;QUEROSENE, USO LIMPEZA, DESENGRAXANTE, SOLVENTE, TIPO COMUM;04/07/2024;2025-07-04 00:00:00; 160224 - PQ R MNT/5;600.0;13.991.459/0001-46 - BAZA DISTRIBUIDORA LTDA;19.15;600.0;https://contratos.sistema.gov.br/transparencia/compras/539777/itens/5303515/show;Pregão;90004;2024;160224;Aquisição de graxas, óleos e lubrificantes para a manuntenção das viaturas blindadas do Parque Regional de Manunteção/5.;Litro
160224 - Pregão | 90004/2024;8;251546 - FLUIDO HIDRÁULICO;FLUIDO HIDRÁULICO, ORIGEM MINERAL, VISCOSIDADE 14,5 CST ACIMA DE 40 °C E 700 CST A-60 °C, PONTO FULGOR ACIMA DE 150 °C, PONTO FLUIDEZ ABAIXO DE-60 °C, REFERÊNCIA MIL-PRF-6083F, APLICAÇÃO LUBRIFICAÇÃO SISTEMA RECUO CANHÕES;04/07/2024;2025-07-04 00:00:00; 160224 - PQ R MNT/5;150.0;08.687.885/0001-50 - X5 COMERCIO DE PRODUTOS AERONAUTICOS E INDUSTRIAIS LTDA;401.81;50.0;https://contratos.sistema.gov.br/transparencia/compras/539777/itens/5303516/show;Pregão;90004;2024;160224;Aquisição de graxas, óleos e lubrificantes para a manuntenção das viaturas blindadas do Parque Regional de Manunteção/5.;Unidade
160224 - Pregão | 90004/2024;9;617101 - ADITIVO;ADITIVO, COMPONENTE BÁSICO ANTICORROSIVO E FUNGICIDA. DESCARBONIZANTE, APLICAÇÃO MOTORES A DIESEL, REFERÊNCIA BARDAHL MAX S10;04/07/2024;2025-07-04 00:00:00; 160224 - PQ R MNT/5;20.0;13.991.459/0001-46 - BAZA DISTRIBUIDORA LTDA;889.99;10.0;https://contratos.sistema.gov.br/transparencia/compras/539777/itens/5303519/show;Pregão;90004;2024;160224;Aquisição de graxas, óleos e lubrificantes para a manuntenção das viaturas blindadas do Parque Regional de Manunteção/5.;Unidade
160224 - Pregão | 90004/2024;10;349296 - ANTICORROSIVO;ANTICORROSIVO, APRESENTAÇÃO SPRAY, ASPECTO FÍSICO LÍQUIDO, CARACTERÍSTICAS ADICIONAIS WD 40, INOFENSIVO PARA CAMADA DE OZÔNIO, INIBIDOR;04/07/2024;2025-07-04 00:00:00; 160224 - PQ R MNT/5;200.0;04.341.779/0001-60 - SANEX COMERCIO E SERVICOS LTDA;7.0;200.0;https://contratos.sistema.gov.br/transparencia/compras/539777/itens/5303520/show;Pregão;90004;2024;160224;Aquisição de graxas, óleos e lubrificantes para a manuntenção das viaturas blindadas do Parque Regional de Manunteção/5.;Unidade
160224 - Pregão | 90004/2024;11;473648 - GRAXA;GRAXA, TIPO BASE ÓLEO MINERAL A BASE DE PETRÓLEO, TIPO ESPESSANTE SABÃO DE LÍTIO, TIPO ADITIVOS ANTICORROSIVO/ANTIOXIDANTE/ANTIDESGASTE, CONSISTÊNCIA NLGI 2;04/07/2024;2025-07-04 00:00:00; 160224 - PQ R MNT/5;10.0;52.743.219/0001-84 - GSW DISTRIBUIDORA LTDA;879.0;10.0;https://contratos.sistema.gov.br/transparencia/compras/539777/itens/5303522/show;Pregão;90004;2024;160224;Aquisição de graxas, óleos e lubrificantes para a manuntenção das viaturas blindadas do Parque Regional de Manunteção/5.;Balde 20,00 L
160224 - Pregão | 90004/2024;12;470290 - ÓLEO LUBRIFICANTE;ÓLEO LUBRIFICANTE, USO AUTOMOTIVO, TIPO MINERAL, CLASSIFICAÇÃO GL-5, VISCOSIDADE SAE 90;04/07/2024;2025-07-04 00:00:00; 160224 - PQ R MNT/5;20.0;48.175.124/0001-34 - IGUATEMI LUBRIFICANTES LTDA;323.0;20.0;https://contratos.sistema.gov.br/transparencia/compras/539777/itens/5303524/show;Pregão;90004;2024;160224;Aquisição de graxas, óleos e lubrificantes para a manuntenção das viaturas blindadas do Parque Regional de Manunteção/5.;Galão 20,00 L
160224 - Pregão | 90004/2024;13;463374 - ESTOJO LIMPEZA ARMAMENTO;ESTOJO LIMPEZA ARMAMENTO, APLICAÇÃO CALIBRE 7,62 MM, COMPONENTES ESTOJO: 2 ESCOVA (CRIMA E FIBRA) 2 ÓLEO (LUBRIFIC A;04/07/2024;2025-07-04 00:00:00; 160224 - PQ R MNT/5;10.0;13.991.459/0001-46 - BAZA DISTRIBUIDORA LTDA;792.0;10.0;https://contratos.sistema.gov.br/transparencia/compras/539777/itens/5303527/show;Pregão;90004;2024;160224;Aquisição de graxas, óleos e lubrificantes para a manuntenção das viaturas blindadas do Parque Regional de Manunteção/5.;Unidade
160224 - Pregão | 90004/2024;14;362421 - SOLVENTE;SOLVENTE, ASPECTO FÍSICO LÍQUIDO, PONTO FULGOR 38 °C, COMPOSIÇÃO QUÍMICA HIDROCARBONETOS ALIFÁTICOS E AROMÁTICOS;04/07/2024;2025-07-04 00:00:00; 160224 - PQ R MNT/5;120.0;04.341.779/0001-60 - SANEX COMERCIO E SERVICOS LTDA;67.5;110.0;https://contratos.sistema.gov.br/transparencia/compras/539777/itens/5303529/show;Pregão;90004;2024;160224;Aquisição de graxas, óleos e lubrificantes para a manuntenção das viaturas blindadas do Parque Regional de Manunteção/5.;Galão 5,00 L
160224 - Pregão | 90004/2024;24;251546 - FLUIDO HIDRÁULICO;FLUIDO HIDRÁULICO, ORIGEM MINERAL, VISCOSIDADE 14,5 CST ACIMA DE 40 °C E 700 CST A-60 °C, PONTO FULGOR ACIMA DE 150 °C, PONTO FLUIDEZ ABAIXO DE-60 °C, REFERÊNCIA MIL-PRF-6083F, APLICAÇÃO LUBRIFICAÇÃO SISTEMA RECUO CANHÕES;09/07/2024;2025-07-09 00:00:00; 160224 - PQ R MNT/5;50.0;25.227.914/0001-10 - TECHNOIMPORT COMERCIO DE EQUIPAMENTOS INDUSTRIAIS LTDA;507.01;50.0;https://contratos.sistema.gov.br/transparencia/compras/539777/itens/5316267/show;Pregão;90004;2024;160224;Aquisição de graxas, óleos e lubrificantes para a manuntenção das viaturas blindadas do Parque Regional de Manunteção/5.;Litro
